,da_number,predicted,cwa_determination
0,SAC-2015-00882,0,0
1,LRL-2018-00430-sjk,0,1
2,SAC-2016-00908,0,0
3,LRL-2019-00353,0,0
4,MVP-2020-00700-AJK,0,0
5,SAM-2019-00986-JSC,0,0
6,MVP-2016-01347-KDZ,0,1
7,MVN-2020-00458-SK,0,0
8,SAM-2016-00801-JEB,0,1
9,MVN-2015-01401-SR,0,1
10,MVM-2016-00207-CDK,0,0
11,SAC-2016-01718,0,0
12,SAW-2016-00139,0,1
13,MVP-2015-02196-ADB,0,0
14,NAP-2012-00500-65,0,0
15,LRC-2018-00131,0,1
16,LRL-2019-00434,0,0
17,MVP-2018-01251-KJH,0,0
18,SAC-2018-00384,0,1
19,SWG-2016-00689,0,1
20,SAC-2012-00032,0,1
21,SAJ-2016-00451,0,0
22,SAC-2017-01735,0,0
23,SWG-2015-00766-RCC,0,0
24,MVN-2015-01715-WKK,0,1
25,SAC-2019-00086,0,1
26,LRB-2020-00571,0,0
27,LRL-2018-00282-SCM,0,0
28,SAW-2017-00318,0,0
29,SAM-2019-00034-JSC,0,0
30,LRC-2017-00114,0,0
31,MVM-2018-00184-jme,0,0
32,SAC-2020-00402,1,1
33,LRL-2017-00553,0,0
34,SAC-2018-00348,0,0
35,SAW-2015-01445,0,1
36,LRB-2013-00821,0,1
37,SAW-2016-00418,0,1
38,SAC-2018-01950,0,0
39,SAW-2019-01126,0,1
40,MVP-2019-01232-KJH,0,0
41,POA-2017-00133,0,0
42,SWG-2016-00016,0,0
43,NWP-2019-00286,1,1
44,MVP-2017-03655-MMJ,0,0
45,SAC-2015-01090-3H,0,0
46,SAW-2015-02417,1,1
47,SAM-2016-01269-APW,0,0
48,NWK-2011-00364,1,1
49,SAW-2016-00490,0,1
50,SAC-2019-00608,0,1
51,MVN-2017-00401-SQ,0,0
52,MVM-2016-00348-jme,1,0
53,SWG-2017-00589,1,1
54,SAC-2019-00284,0,0
55,NWP-2020-00125,0,1
56,MVP-2016-02589-EMN,1,1
57,SAC-2017-01852,0,0
58,NAO-2016-01243,0,0
59,LRB-2016-00798,0,0
60,MVP-2015-02775-JVD,0,0
61,SAM-2009-00834-JBM,0,1
62,MVK-2016-00052-TB,0,0
63,NAB-2017-00270-M30,0,0
64,NWO-2013-01281-BIS,0,1
65,MVP-2018-00920-DJM,0,0
66,SAW-2015-02156,0,0
67,SAC-2015-01256-4S,0,0
68,LRL-2020-00244-MKD,0,0
69,LRH-2018-00065-SCR,0,0
70,SAM-2016-00675-APW,0,1
71,MVN-2012-02497-SU,0,1
72,SAC-2016-00764,0,0
73,MVN-2016-00194-SY,1,0
74,NWK-2016-01016,0,0
75,LRL-2019-00452,0,0
76,MVN-2017-01379-SR,0,1
77,MVN-2018-01143-SL,0,0
78,MVN-2013-00341-SB,0,1
79,NAO-2017-02133,0,1
80,SAC-2020-00024,0,0
81,SAW-2015-02552,0,1
82,MVK-2018-00213-CR,0,0
83,NAP-2018-00025,0,0
84,MVP-2019-01871-SJW,0,0
85,SWG-2019-00211,0,1
86,NWO-2019-00330-BIS,0,0
87,SWG-2016-00070,0,1
88,SAC-2012-00131,0,0
89,NWK-2019-00500,0,0
90,SAC-2019-00185,1,0
91,MVN-2012-02634-SL,0,1
92,SAC-2020-00141,0,0
93,SAW-2019-01306,0,0
94,LRL-2016-00132-LCL,0,0
95,SAC-2017-01393,0,0
96,POA-2020-00265,0,0
97,SAC-2018-01257,0,1
98,NAO-2020-00901-tca,0,1
99,LRC-2019-01021,0,1
100,MVN-2014-00196-SY,0,0
101,MVK-2015-01008-CR,0,0
102,NWO-2020-00086-PIE,0,1
103,LRC-2016-00788,0,1
104,MVP-2017-02893-MMW,0,0
105,SAC-2015-01197,0,1
106,NWO-2006-30223-PIE,0,1
107,MVN-2020-00290-SQ,1,1
108,LRL-2018-00446-SAM,0,1
109,MVN-2016-00745-SG,0,0
110,NWO-2017-00332-BIS,0,0
111,SWG-2017-00213,0,0
112,NWK-2015-00063,0,0
113,SAC-2017-00187,0,0
114,MVP-2016-00439-KAL,0,0
115,MVP-2016-01874-MMJ,0,0
116,NAO-2019-02308-rhs,0,0
117,MVN-2016-00041-SB,0,1
118,MVN-2011-01711-SB,0,1
119,NWK-2018-01014,0,0
120,SAC-2008-00466,0,1
121,MVN-2016-00772-SG,0,0
122,NAO-2020-00370-tca,0,1
123,SAC-2003-13395,0,1
124,MVP-2011-02019-JLK,0,0
125,MVP-2016-01493-WMS,0,1
126,LRE-2019-00406-56,1,1
127,MVN-2015-02539-ES,1,1
128,SAC-2017-00457,0,0
129,NAO-2016-01634-arl,0,1
130,MVM-2016-00216-CDK,0,0
131,MVN-2017-01163-SK,0,0
132,NAO-2016-02275-rhs,0,0
133,MVP-2018-02995-AIS,0,0
134,SAM-2018-00052-JEB,1,1
135,LRE-2006-1760170,1,0
136,NWW-2013-00087,0,0
137,SAC-2019-00419,0,1
138,MVK-2005-00813,0,0
139,SAW-2018-00740,0,1
140,SAC-2016-01169,0,1
141,NAN-2017-00874-UDA,0,1
142,LRB-2001-02048,0,1
143,LRH-2017-00061-OLR,0,0
144,MVP-2017-02732-MJB,0,0
145,SAC-2015-01269,0,1
146,MVP-2019-00345-JMB,0,0
147,SAW-2017-02622,0,0
148,SAW-2006-00572,0,0
149,SAC-2018-00195,0,0
150,SWG-2018-00939,0,1
151,MVK-2017-00779-CR,0,0
152,SWG-2016-00106,0,1
153,SAW-2016-00508,0,0
154,LRH-2017-00633-SCR,0,0
155,SAC-2017-00736,0,1
156,SWL-2016-00189,0,0
157,MVP-2017-04393-MMJ,0,0
158,MVR-2016-00021-ALF,0,1
159,SAC-2018-00276,0,0
160,MVN-2015-02477-ST,1,1
161,SAW-2018-01190,0,0
162,MVP-2019-01410-JRS,0,0
163,SAC-2018-00753,0,0
164,MVN-2009-02468-SA,0,0
165,NWO-2019-00990-RWY,0,0
166,POA-2016-00206,0,1
167,MVR-2015-00268-MWS,0,1
168,LRB-2016-00251,0,1
169,SAW-2016-01471,0,1
170,NAO-2017-01170,0,1
171,NAN-2016-01685-UDA,0,1
172,MVR-2015-01201,0,1
173,MVP-2016-04220-LMG,0,0
174,SAW-2015-00707,0,1
175,LRN-2018-00703,0,0
176,SWG-2017-00501,0,1
177,NWO-2019-01629-RWY,0,0
178,SAW-2018-01091,1,1
179,MVN-2015-01392-SY,0,1
180,NWO-2019-00605-MTH,0,0
181,MVK-2015-00720-CR,0,0
182,MVP-2017-02593-MMJ,0,0
183,MVP-2018-01858-MHK,0,0
184,SAW-2004-9981876,1,0
185,LRL-2016-00644,0,0
186,MVM-2016-00323,1,0
187,SAW-2017-00741,0,1
188,LRC-2015-00897,0,0
189,MVN-2015-01993-SB,0,1
190,NAN-2016-01681-UDE,0,1
191,MVM-2016-00177-jme,0,0
192,SAC-2019-01166,0,0
193,NAB-2017-01789-M30,0,1
194,NWK-2016-01502,0,0
195,NWK-2019-00984,0,0
196,NAB-2015-60891-M33,1,1
197,MVN-2016-01528-SG,0,0
198,MVN-2010-01901-SB,0,0
199,SAC-2003-11559,0,1
200,SAC-2019-00518,0,0
201,MVK-2016-01015-TB,0,0
202,SAC-2019-00077,0,0
203,NAB-2019-60416-M36,0,1
204,SAC-2020-00150,0,0
205,LRE-2018-00766-102,0,1
206,NWP-2019-00394,0,1
207,SAW-2016-00283,0,1
208,MVP-2017-02798-AIS,0,0
209,SAW-2019-01072,0,0
210,NWS-2016-00565,0,1
211,SAC-2019-01049,0,1
212,SWG-2012-00362,0,0
213,LRL-2018-00246,0,0
214,NWO-2019-00141-BIS,0,1
215,MVR-2015-01496-EWW,0,1
216,MVP-2017-01853-EJW,0,0
217,MVP-2016-02646-EJW,0,0
218,MVP-2018-00593-KBH,0,0
219,MVK-2016-00797-TB,0,0
220,MVK-2016-00403-TB,0,0
221,MVP-2017-01628-ARC,0,0
222,MVK-2016-00959-TB,1,0
223,NAO-2018-00026,0,0
224,MVN-2011-01442-SQ,1,0
225,NAO-2018-00496-tca,1,1
226,SAM-2019-00735-JLB,0,0
227,SAW-2017-00624,0,0
228,MVN-2018-00170-ES,1,1
229,MVP-2017-03026-SMD,0,0
230,SAC-2018-01679,0,0
231,SAW-2018-00973,0,1
232,LRE-1993-1460230,0,1
233,SAW-2017-02101,0,1
234,SAW-2017-02495,0,0
235,LRE-2019-00640-102,0,1
236,NAP-2019-01157,0,0
237,NWK-2016-00268,0,0
238,SAC-2020-00167,0,0
239,POA-2016-00394,0,0
240,SWG-2017-00635,0,1
241,NWO-2016-01943-BIS,0,0
242,LRC-2016-00258,0,1
243,LRB-2010-01696,0,1
244,NWO-2019-00158-BIS,0,0
245,SAC-2019-00886,0,0
246,NAO-2016-01926,0,0
247,SAW-2011-00325,0,0
248,MVN-2018-00132-SG,0,0
249,SWL-2019-00403,0,0
250,MVN-2017-01200-SK,0,0
251,SAC-2018-00511,1,1
252,LRL-2017-00934-sjk,0,0
253,MVK-2017-00392-TB,0,0
254,NAO-2016-00303-arl,0,0
255,MVN-2015-01734-SQ,0,1
256,MVN-2016-00155-ST,0,0
257,POA-2016-00277,0,0
258,SAW-2019-01764,0,0
259,NWO-2014-00577-BIS,0,0
260,SAW-2015-01687,0,0
261,LRH-2020-00421-LMR,0,0
262,MVP-2019-00871-AIS,0,0
263,NWO-2014-01864-BIS,0,1
264,LRL-2020-00344-SCM,0,0
265,SAM-2019-01085-JDC,0,0
266,LRB-2016-00961,0,0
267,LRL-2019-00824-jlb,0,0
268,POA-2019-00490,0,0
269,MVN-2011-02144-SY,0,0
270,MVP-2019-00822-JLK,0,0
271,SAM-2018-00682-JCC,0,0
272,LRN-2020-00315,0,0
273,NWK-2016-01492,0,0
274,LRN-2017-00838,0,0
275,SAC-2018-01778,0,1
276,MVN-2020-00288-SR,0,0
277,MVN-2018-00171-ST,0,0
278,MVP-2015-03186-ADJ,0,0
279,SAC-2019-01005,0,0
280,MVN-2017-01441-ST,0,0
281,SAW-2016-01767,0,1
282,MVP-2016-01740-SJW,0,0
283,NAB-2016-00873-M30,0,1
284,SAC-2020-00581,0,0
285,SAM-2017-00491-CMS,0,0
286,SAC-2010-00816,0,0
287,NWO-2019-00257-BIS,0,0
288,SAS-2015-00820,0,0
289,SWL-2018-00206,0,0
290,MVP-2017-03537-BBY,0,0
291,SWG-2018-00355,0,1
292,NAP-2016-01017-65,0,0
293,SAC-2016-01260,0,0
294,MVK-2015-00557-CR,0,0
295,NAO-2018-00295,0,1
296,SWG-2015-00376,1,1
297,NAO-2015-02174-tca,0,1
298,MVN-2008-02244-SR,0,1
299,SWL-2017-00306,0,0
300,SWG-2018-00076,0,1
301,MVP-2018-02320-WMS,0,0
302,SAC-2015-00330-4S,0,0
303,MVK-2017-00491-TB,0,0
304,SAC-2018-00610,0,1
305,POA-2019-00274,0,0
306,SAC-2019-00868,0,0
307,SAC-2016-00810,0,1
308,LRL-2017-00238-LCL,0,0
309,LRB-2015-00485,0,0
310,SWT-2020-00250,0,0
311,NAO-2009-02441-tca,0,1
312,SAC-2020-00545,0,0
313,SWG-2019-00093,0,0
314,LRP-2016-00639,0,1
315,SAW-2016-00203,0,0
316,SAC-2015-00316,0,1
317,LRN-2019-00917,0,0
318,NAO-2012-00951-SAF,0,1
319,SAM-2018-00646-JCC,0,0
320,SAW-2008-02279,0,1
321,SWG-2017-00167,0,0
322,NWO-2020-00817-WEH,0,0
323,SAM-2018-00673-JCC,0,0
324,MVN-2017-00201-SK,0,1
325,NAP-2017-00134-65,0,0
326,SAC-2012-00203-3H,0,1
327,MVP-2019-00156-JLK,0,0
328,SWG-2017-00329,1,1
329,NWO-2019-01814-PIE,0,0
330,MVN-2016-01297-EMM,0,1
331,MVN-2018-00849-SH,0,1
332,MVP-2017-02388-PRH,0,0
333,SPK-2016-00783,0,1
334,NWO-2018-00069-BIS,0,0
335,POA-2017-00267,0,0
336,LRC-2015-00808,0,0
337,SWG-2015-00448,1,1
338,SWG-2017-00563,0,1
339,NWK-2015-02195,0,0
340,LRC-2019-01056,0,1
341,LRL-2019-00383-sjk,0,1
342,SAJ-2015-03781-EWG,0,1
343,SAW-2015-01498,0,0
344,NWK-2016-00277,0,0
345,MVK-2016-00429-TB,0,0
346,SAC-2020-00419,0,0
347,MVN-2016-01388-SK,0,0
348,NAO-2018-00286,0,1
349,SAW-2017-00965,0,1
350,MVK-2017-00627-CR,0,0
351,MVP-2016-03517-LMG,1,1
352,LRE-2016-00837-176,0,0
353,SAW-2014-01204,0,0
354,SAC-2015-00541,0,1
355,LRB-2016-01384,0,1
356,MVK-2015-00998-LCM,0,0
357,SWG-2019-00723,0,0
358,NWK-2020-00050,0,0
359,SAC-2020-00059,0,0
360,SAC-2017-00026,0,0
361,MVN-2005-02780,0,0
362,NWO-2017-01492-PIE,0,0
363,LRL-2019-00487,0,0
364,MVN-2013-02519-SQ,0,1
365,SAS-2016-00072,0,0
366,LRC-2016-00546,0,0
367,NWO-2016-02407-RWY,0,0
368,SAM-2018-01273-CMS,0,0
369,LRB-2015-00476,0,1
370,SAC-2018-00599,0,1
371,SWG-2015-00484,0,1
372,SAW-2018-00784,0,0
373,NAO-2016-01093-tca,0,0
374,LRL-2018-00659-SCM,0,0
375,SAW-2019-01377,0,0
376,NWO-2019-00280-RWY,0,0
377,POA-2018-00167,0,0
378,SAM-2019-01094-JDC,0,0
379,NAP-2016-01053-56,0,1
380,NAO-2010-02363-rhs,0,1
381,MVN-2012-00763-EQ,0,1
382,POA-2009-00419,0,0
383,MVP-2015-04670-JTB,0,0
384,LRB-1991-99478,0,1
385,MVM-2015-00459-CDK,0,0
386,SAC-2018-00896,0,0
387,SAW-2016-02030,0,1
388,MVN-2018-00351-SD,0,0
389,MVP-2017-01368-BBY,0,0
390,SAW-2016-01776,0,1
391,LRE-2017-01050-171,0,0
392,NAO-2015-01693,0,1
393,NAO-2018-01131-rhs,0,0
394,NAO-2017-02064-tca,0,1
395,SWG-2020-00299,0,0
396,SAC-2019-00123,0,0
397,MVP-2018-02427-JRS,0,0
398,SAC-2019-00600,0,0
399,MVP-2016-01648-KJH,0,0
400,SWG-2019-00309,0,0
401,SAM-2011-01679-JSC,0,1
402,LRH-2015-00999-MAU,0,1
403,SAC-2020-00518,0,0
404,MVP-2015-03601-WMS,1,1
405,LRL-2017-00939-SCM,0,0
406,MVP-2018-01711-SJW,0,0
407,MVP-2018-01160-NTD,0,0
408,SAC-2016-01431,1,0
409,SAC-2020-00275,0,1
410,LRL-2019-00245-LCL,0,0
411,SAC-2019-00240,0,0
412,SWG-2017-00383,1,1
413,SAC-2016-00979,0,0
414,SAM-2018-01057-CMS,0,0
415,SAC-2019-01131,0,0
416,MVK-2016-00862-CR,0,0
417,LRC-2018-00364,0,0
418,SAC-2019-01768,1,0
419,LRB-2016-00916,0,0
420,NWK-2016-00178,0,0
421,SWL-2017-00072,0,1
422,MVN-2008-01678-WRR,0,0
423,SAC-2014-00065,0,0
424,SAC-2016-00180,0,0
425,NAO-2017-01533-tca,0,1
426,SWG-2018-00166,0,0
427,NWO-2017-02014-DEN,0,0
428,SAW-2019-01791,0,0
429,NAO-2016-00986-tmm,0,0
430,LRC-2017-00266,0,0
431,NWO-2018-01991-MTH,0,0
432,NAO-2016-01197,0,0
433,SAC-2015-01775-4E,0,0
434,SAM-2017-00351-APW,0,0
435,MVP-2016-01799-NTD,0,0
436,SAC-2018-01589,0,0
437,NAP-2017-00139-51,0,0
438,NWS-2016-00251,0,1
439,SAW-2016-00692,0,1
440,SAC-2016-00113,0,0
441,MVN-2016-00889-SR,0,0
442,SWL-2016-00303,0,1
443,MVP-2018-00278-JMB,0,0
444,NAO-2001-01739,0,1
445,NWK-2016-01713,0,0
446,MVK-2017-00154-TB,0,0
447,MVK-2016-00435-CR,0,0
448,NAP-2016-01031-65,0,0
449,LRL-2015-00707-jlb,0,0
450,SAC-2019-01296,0,1
451,SAC-2019-00567,0,0
452,LRP-2016-00815,0,0
453,SWG-2015-00750,0,1
454,SWT-2015-00753,0,0
455,MVP-2016-03104-SJW,0,0
456,POA-2018-00037,0,0
457,NWS-2015-00320,0,0
458,SWL-2019-00199,0,0
459,SWG-2016-00218,1,1
460,LRC-2015-00552,0,0
461,SWG-2018-00171,1,1
462,POH-2015-00206-KRD,1,0
463,LRL-2019-00532-sjk,0,0
464,LRL-2016-00391-sjk,0,0
465,NWO-2016-01511,0,0
466,SAW-1997-02095,0,1
467,SAM-2017-00712-CMS,0,0
468,MVN-2017-00324-SQ,0,1
469,NWO-2020-00828-BIS,0,0
470,NAN-2016-00969-UDA,0,1
471,MVN-2018-01175-SK,0,1
472,SWG-2017-00352,0,1
473,MVN-2015-02504-SQ,1,1
474,MVP-2018-00395-JMB,0,0
475,MVK-2016-00212-LCM,0,0
476,MVN-2013-02410-SG,0,0
477,SAS-2016-00858,0,0
478,MVN-2018-00284-SK,1,0
479,LRC-2017-00316,0,1
480,NAP-2018-00277-95,1,1
481,SAW-2018-00852,0,0
482,MVP-2016-04322-JLK,0,0
483,SAW-2016-00818,0,0
484,SAC-2020-00523,0,0
485,MVK-2016-00092-TB,0,0
486,SWG-2015-00471,0,0
487,SWL-2017-00023,0,1
488,SAC-2018-00964,0,0
489,LRB-1986-99614,1,1
490,MVN-2015-01989-SQ,0,1
491,SAC-2016-01659,0,0
492,LRC-2017-00370,0,0
493,SAC-2019-00585,0,1
494,LRH-2012-00420-BCR,0,0
495,MVK-2015-00670-CR,0,0
496,MVN-2017-01458-WRR,0,0
497,POA-2015-00472,0,1
498,SAC-2015-01609-4E,0,0
499,NAB-2015-00780-M21,0,1
500,MVR-2016-00270-ajf,0,0
501,LRN-2016-00736,0,0
502,POA-2017-00191,0,0
503,MVM-2017-00089-EKM,0,0
504,MVP-2019-02874-RJH,0,0
505,SWG-2015-00372,0,1
506,MVN-2019-01120-ST,1,0
507,MVN-2019-01281-SL,0,0
508,MVP-2017-01810-MMW,0,0
509,POA-2017-00434,0,0
510,SWG-2015-00291,0,0
511,SAW-2015-02394,0,1
512,SAW-2006-20385,0,1
513,LRC-2016-00191,0,1
514,LRC-2003-22227,0,1
515,MVK-2016-00074-TB,0,0
516,SAW-2016-00638,0,1
517,SAW-2015-02000,0,1
518,SWG-2017-00613,1,1
519,SAS-2019-00774,0,0
520,LRB-2013-00762,0,1
521,SAC-2016-01220,0,1
522,LRC-2015-00534,0,1
523,MVN-2018-01228-EMM,0,1
524,LRC-2017-00811,0,1
525,LRL-2016-00200,0,0
526,LRN-2016-00295,0,0
527,MVP-2019-02190-AIS,0,0
528,SWG-2018-00234,0,1
529,NAN-2017-00052-UDA,0,0
530,SWG-2017-00532,0,0
531,SAW-2016-01484,0,1
532,SAW-2014-01369,0,1
533,SAW-2013-02002,0,0
534,LRC-2014-00193,0,0
535,LRE-2017-00547-137,0,1
536,MVP-2014-01418-MHK,0,0
537,NWK-2020-00458,0,0
538,MVK-2016-00191-TB,0,0
539,SWG-2015-00732,1,1
540,LRH-2012-00778-BCR,0,1
541,NAO-2015-01801-tca,0,0
542,SAM-2015-01267-NJW,0,0
543,LRC-2018-00117,0,1
544,MVN-2020-00426-ST,0,0
545,NAO-2020-00536-rdb,0,0
546,LRC-2016-00551,0,1
547,MVP-2016-00808-RMM,0,0
548,MVP-2019-02868-MMG,0,0
549,NAO-2016-01346,1,0
550,NWO-2017-01308-BIS,0,1
551,NAO-2016-02075,0,0
552,MVN-2018-00579-SD,0,1
553,NAP-2017-00117-51,0,0
554,SAC-2016-01569,0,0
555,SAM-2018-01205-APS,0,1
556,MVM-2018-00262,0,0
557,LRL-2017-00962,0,0
558,LRC-2014-00544,0,0
559,LRL-2019-00393-SCM,0,0
560,SAC-2016-01488,0,0
561,SAC-2016-00759,0,0
562,NWP-2020-00093,0,1
563,MVN-2017-00108-SA,0,0
564,MVN-2015-01101-SY,0,0
565,LRH-2018-00291-LMR,0,0
566,SWG-2018-00504,0,1
567,SWG-2015-00363,0,1
568,SWG-2018-00180,0,0
569,MVK-2011-00535-SRT,0,0
570,NWK-2016-01326,0,0
571,SWG-2017-00721,0,1
572,SAC-2017-00301,0,0
573,LRL-2016-00652-jlb,0,0
574,MVN-2011-01848-SK,0,0
575,NWO-2020-00837-BIS,0,0
576,LRH-2015-01000-OHR,0,0
577,SAW-2018-02085,0,0
578,MVK-2016-00902-TB,0,0
579,POH-2015-00213,0,0
580,LRH-2017-00475-SCR,0,1
581,SWG-2017-00361,1,1
582,LRC-2015-00606,0,1
583,SAW-2015-02187,0,1
584,NAO-2018-00165,0,0
585,MVN-2018-00101-SG,0,0
586,MVP-2020-00064-WMS,0,0
587,NAO-2017-02083,0,0
588,MVR-2017-00372-JS,0,0
589,LRL-2016-00621-MKD,0,0
590,SWG-2018-00225,0,1
591,NAB-2018-00240-M18,0,1
592,SWT-2017-00526,0,0
593,NWO-2019-02224-BIS,0,0
594,NWO-2018-01674-DEN,0,1
595,SAM-2016-00812,1,1
596,SAW-2017-01177,0,0
597,SAW-2018-01590,0,1
598,NAO-2016-01897-drb,0,0
599,SAW-2015-02664,0,0
600,SAW-2016-01637,0,1
601,LRC-2018-00108,0,0
602,NAO-2016-01982-rhs,0,1
603,NAO-2006-07473-rhs,0,1
604,MVK-2016-00086,0,0
605,MVN-2015-01898-SB,0,0
606,MVK-2016-00344-TB,1,0
607,LRE-2018-00528-146,0,0
608,MVP-2017-00765-JMB,0,0
609,MVN-2015-01998-SQ,0,0
610,SAW-2017-00745,0,1
611,MVP-2015-00283-MVM,0,0
612,LRL-2016-01084-jlb,0,0
613,MVK-2017-00424-TB,1,0
614,SAW-2018-00609,0,0
615,NWO-2019-00226-PIE,0,0
616,NWO-2020-00815-RWY,0,0
617,MVP-2017-02144-LMG,1,0
618,MVM-2016-00084,0,0
619,MVN-2020-00471-ST,1,1
620,POA-2016-00507,0,0
621,LRL-2019-00546,0,0
622,MVK-2016-00203-LCM,1,0
623,SAW-2016-01691,0,1
624,SAW-2018-01095,0,1
625,LRL-2018-00308-sjk,0,0
626,SAC-2015-01099-3JY,0,1
627,NAN-2017-00340-UDA,0,0
628,SAC-2015-00679,0,1
629,SAS-2020-00343,0,0
630,MVK-2016-00083-TB,0,0
631,MVK-2016-01055-TB,0,0
632,NAN-2017-01432-UCO,0,0
633,MVK-2015-00607-CR,0,0
634,LRL-2019-00069,0,1
635,NWO-2020-00459-PIE,0,0
636,SAW-2016-02429,0,1
637,MVP-2014-04262-LMG,1,1
638,SAW-2009-00933,0,0
639,LRH-2015-00297-SCR,0,0
640,SAC-2008-01102,0,1
641,LRN-2017-00960,0,0
642,SAC-2018-00298,0,1
643,MVP-2016-00555-KJH,0,0
644,NWO-2020-00504-DEN,0,0
645,LRH-2016-00872-SCR,0,0
646,SAC-2017-00677,0,0
647,LRH-2017-00363-TUS,0,0
648,LRL-2018-01087-SCM,0,0
649,SAC-2017-00121,0,0
650,SWG-2016-00128,1,1
651,SWG-2016-00281,1,1
652,MVN-2017-01347-SK,1,0
653,MVP-2016-04218-BBY,0,0
654,SAC-2019-01449,0,0
655,MVP-2017-01109-JTB,0,0
656,MVK-2016-01076,0,0
657,SAW-2019-01472,0,0
658,MVN-2016-00226-SA,1,1
659,MVK-2017-00145-TB,0,0
660,SAC-2005-35915,0,1
661,NAO-2017-02029,0,0
662,MVN-2015-01351-SR,1,1
663,SWG-2015-00741,0,0
664,SAC-2015-00321,0,1
665,SAM-2016-00249-NJW,0,0
666,SAC-2016-01389,0,0
667,SAW-2017-02329,0,0
668,SAC-2015-01687,1,1
669,NAN-2016-00433-WOR,0,1
670,MVP-2015-03406-JTB,0,0
671,MVN-2016-00135-WKK,1,1
672,MVP-2016-02862-DWW,0,0
673,MVN-2016-01461-SG,0,0
674,NAO-2016-00028-arl,0,1
675,SAC-2016-01804,0,0
676,SAC-2017-00453,0,0
677,SAC-2010-00744-4JY,0,0
678,MVK-2018-00409-JLD,0,0
679,POA-2016-00479,0,0
680,LRL-2019-00549-jlb,0,0
681,SAW-2017-02024,0,0
682,SAS-2018-00542,0,0
683,SAC-2015-00815,0,1
684,SAC-2018-00632,0,1
685,MVN-2018-00451-SG,0,0
686,SAW-2017-02499,1,1
687,LRB-2013-00313,1,1
688,MVN-2015-02097-SR,0,1
689,SAC-2019-01144,0,0
690,LRH-2016-00521-OHR,0,0
691,MVK-2017-00824-JLD,0,0
692,MVP-2016-00103-EMN,0,1
693,SWG-2019-00718,0,1
694,SAW-2015-02422,1,1
695,SAC-2017-01542,0,0
696,SWG-2015-00400,0,1
697,SWG-2016-00102,0,0
698,SAW-2015-02341,0,1
699,SAC-2019-00532,0,1
700,POH-2018-00263,1,1
701,SAC-2016-01282,0,1
702,MVP-2019-01914-DWW,0,0
703,LRE-2016-00309-143,0,1
704,LRN-2017-00700,0,0
705,SWG-2017-00756,1,1
706,SAC-2020-00585,0,0
707,SAM-2020-00410-KMN,0,0
708,POA-2020-00153,0,0
709,LRC-2016-00595,0,0
710,SAC-2016-01903,0,1
711,MVK-2017-00657-TB,0,0
712,SAC-2017-01524,0,1
713,NAE-2017-02841,0,0
714,SAC-2018-01226,0,0
715,NWO-2013-01748-RWY,0,0
716,POA-2018-00459,0,0
717,SAW-2019-02004,0,0
718,LRB-2020-00522,0,0
719,SAW-2017-01313,0,1
720,MVN-2016-01164-SG,0,1
721,SWT-2015-00700,1,1
722,SAC-2019-01081,0,0
723,NWO-2017-00857-BIS,0,1
724,MVK-2018-00101-CR,1,1
725,NAO-2018-01347-tca,0,1
726,LRC-2016-00199,0,1
727,SAM-2016-01400-JEB,0,0
728,MVN-2017-01328-ST,0,0
729,MVN-2016-00573-ST,0,1
730,SAW-2006-30511,0,1
731,SAC-2015-01052-4E,0,0
732,SAC-2017-01920,0,1
733,NAP-2016-00148-83,0,1
734,LRH-2020-00021,0,0
735,SAC-2015-01364,0,0
736,SAW-2016-02304,0,1
737,MVN-2016-00953-SR,0,1
738,LRC-2020-00134,0,1
739,SAW-2017-00062,0,1
740,LRE-2001-1760630,0,0
741,LRL-2016-00127,0,1
742,LRL-2018-00739-sjk,1,0
743,SAM-2018-00791-CMS,0,0
744,NWP-2017-00354-NWP,0,0
745,MVP-2016-02021-MLV,0,0
746,MVK-2016-00919-TB,0,0
747,SAC-2019-00550,0,0
748,NWO-2020-01466-DEN,0,0
749,SWG-2016-00991,1,1
750,SAW-2016-00126,1,1
751,MVK-2017-00199-CR,0,0
752,NWK-2016-01379,0,0
753,NWO-2020-01736-DEN,0,0
754,SAW-2016-00153,1,1
755,MVP-2004-04510-BBY,0,0
756,MVN-2019-00456-SQ,0,1
757,LRH-2016-00108-SCR,0,0
758,SAM-2018-00677-JCC,0,0
759,SAW-2018-00430,0,1
760,SAJ-2016-01168-JLC,0,1
761,LRC-2015-00884,0,1
762,SAM-2019-00567-JDC,0,0
763,SAC-2006-01409,0,0
764,MVP-2017-03359-MLV,0,0
765,MVK-2017-00865-CR,0,0
766,NWO-2019-01890-PIE,0,0
767,NAN-2016-01519-UDA,0,1
768,NWK-2019-00179,0,0
769,SWL-2016-00392,0,1
770,MVR-2016-00159,0,0
771,SWG-2016-00865,1,1
772,MVP-2018-00939-KJH,0,0
773,MVR-2016-00078,0,0
774,MVN-2013-02919-SQ,0,0
775,NWK-2019-00971,0,0
776,MVN-2016-00143-SK,0,1
777,MVR-2016-00566-AJF,0,1
778,NWK-2019-00098,0,0
779,LRC-2017-00765,0,0
780,MVK-2016-00388-TB,0,0
781,NAE-2020-00489,0,1
782,SAC-2002-31086,0,1
783,SAW-2017-00215,0,1
784,MVP-2020-00565-KDZ,0,0
785,SWL-2009-00480,0,0
786,MVN-2016-00528-ST,1,1
787,SAC-2018-00999,0,1
788,MVM-2015-00426-jme,0,1
789,SWG-2016-00111,1,1
790,SAM-2015-01060-JSC,0,0
791,SAM-2018-01168-APS,0,0
792,NWP-2019-00381,0,0
793,LRC-2017-00011,0,1
794,NAB-2015-01386-P05,0,0
795,NAO-2017-02134-tmm,0,0
796,SAC-2019-00541,0,1
797,NAB-2017-00364-M38,0,1
798,LRE-2018-00479-176,1,0
799,LRN-2015-01080,0,0
800,SAW-2000-01438,1,1
801,LRL-2019-01077-LCL,0,1
802,SWL-2015-00339,0,0
803,SAC-2015-01797-4E,0,0
804,LRL-2017-00646-MKD,0,0
805,SAW-2017-01502,1,1
806,NAN-2017-01415-UDE,0,1
807,MVM-2019-00328-jkb,0,0
808,SAM-2020-00062-ELB,0,0
809,LRL-2015-00748-LCL,0,0
810,LRL-2016-01022-sjk,0,1
811,SWT-2020-00245,0,1
812,SWL-2009-00084,1,1
813,SAC-2016-01750,0,1
814,SAM-2016-00203-JEB,0,0
815,NAB-2016-00111,0,1
816,MVP-2017-01750-ARC,0,0
817,POA-2018-00387,0,1
818,NAN-2017-00919-UBO,0,1
819,SWG-2018-00683,0,1
820,LRL-2017-01102-sjk,0,0
821,NWO-2020-01835-DEN,0,0
822,SWG-2017-00189,1,1
823,NWK-2019-00593,1,0
824,SAC-2018-00182,0,0
825,MVP-2015-04001-MHK,0,0
826,NWK-2017-02098,0,0
827,SAC-2019-01090,0,0
828,NWK-2015-02298,0,0
829,LRL-2020-00403-LCL,0,0
830,MVN-2016-01335-SG,0,0
831,MVN-2006-01892,0,1
832,LRC-2020-00422,0,1
833,NAO-2018-00546-tca,0,0
834,SAW-2015-02017,0,1
835,MVP-2017-01912-AJK,0,0
836,SWL-2018-00219,0,0
837,SAC-2019-01171,0,1
838,MVP-2017-03903-RJH,0,0
839,NAB-2015-01051-M21,0,1
840,SAC-2019-01216,0,0
841,SAW-2016-02313,0,1
842,MVP-2017-03079-LMG,0,0
843,SWG-2020-00026,0,1
844,SAW-2011-01409,0,1
845,SWG-2017-00549,1,1
846,SAJ-2017-00311,0,1
847,SWG-2017-00387,1,1
848,NAO-2020-00860-dak,1,0
849,SAW-2015-01801,1,1
850,SAC-2006-02516,0,1
851,MVK-2016-00685-TB,0,0
852,NWP-2019-00327,0,0
853,MVK-2017-00549-TB,0,0
854,MVK-2016-00031-CR,1,0
855,LRL-2019-00846-sjk,0,0
856,SAC-2016-00190-3JY,0,1
857,SAJ-2002-02702,0,1
858,SAW-2017-01601,0,0
859,LRE-1988-161280-16,0,1
860,MVM-2016-00209-CDK,0,0
861,POA-2019-00610,0,0
862,MVK-2019-00514-AEL,0,0
863,MVK-2016-00432-TB,0,0
864,SAM-2019-00988-JSC,0,0
865,NAO-2019-00384-rhs,0,0
866,MVK-2016-00988-TB,0,0
867,SWL-2016-00299,0,0
868,LRL-2017-00334-sjk,1,0
869,MVP-2015-03075-RMM,0,0
870,POA-2019-00133,0,0
871,SAW-2017-00635,0,0
872,LRC-2016-00810,0,0
873,SWG-2017-00152,0,0
874,NAO-2016-01605,0,1
875,SAW-2013-01926,1,0
876,SAJ-2007-06598,0,0
877,SAC-2016-01558,0,1
878,MVP-2017-01837-ARC,0,0
879,SWG-2016-00252,0,1
880,MVN-2015-02143,1,1
881,LRP-2018-00730,0,1
882,MVP-2013-04378-WMS,0,1
883,SAS-2019-00196,0,0
884,LRH-2018-00247-SCR,0,0
885,LRL-2018-00536,0,0
886,NWO-2020-00862-PIE,0,0
887,SAC-2019-00286,0,0
888,MVN-2016-01299-ST,0,1
889,MVP-2013-04234-EMN,0,1
890,MVM-2016-00091,0,0
891,LRE-2018-00408-237,0,0
892,SAC-2018-00188,0,1
893,LRL-2017-00575-anr,0,0
894,MVK-2016-00234-TB,0,0
895,SAC-2015-01607-4E,0,0
896,SAC-2012-00544-3J,0,1
897,MVN-2017-00516-SL,0,0
898,SAM-2018-00495-APW,0,0
899,POA-2020-00168,0,0
900,LRL-2018-00932,0,0
901,MVP-2018-01964-RJH,0,0
902,MVN-2012-00350-SE,0,1
903,SAC-2016-01099,0,0
904,SWG-2019-00213,0,1
905,POA-2018-00215,0,0
906,SWG-2016-01044,1,1
907,SAC-2018-00728,0,0
908,SAC-2019-01159,0,0
909,POA-2016-00334,0,0
910,NWP-2019-00189,1,1
911,MVP-2016-01721-MLV,0,1
912,NAO-2020-00241-rhs,0,0
913,POA-2016-00415,0,0
914,MVP-2017-01623-AIS,1,0
915,MVP-2018-01665-EJW,0,0
916,SAW-2016-00159,0,1
917,LRB-2017-00243,0,1
918,NAP-2018-00883-90,0,0
919,SAW-2014-01646,0,1
920,SWG-2017-00251,1,1
921,MVP-2014-03825-PRH,0,0
922,LRH-2016-00780-SCR,0,0
923,LRL-2015-00487-sam,0,0
924,SAC-2016-00012,0,0
925,SAC-2019-01276,0,0
926,LRB-2010-01519,0,1
927,MVK-2016-00631-CR,0,0
928,SAC-2018-00926,0,0
929,LRH-2020-00202-SCR,0,0
930,SAW-2016-02454,0,0
931,SAC-2015-01120,0,1
932,MVK-2017-00512-TB,0,0
933,SAW-2017-00374,0,0
934,MVN-2015-01878-SR,0,0
935,SAC-2011-00314,0,1
936,SAC-2017-01395,0,1
937,LRC-2016-00315,0,1
938,SAS-2017-00576,0,0
939,NWW-2007-00821-C03,0,1
940,MVK-2016-00090-TB,0,0
941,SAW-2016-00276,0,1
942,NAO-2017-01998,0,0
943,SAW-2008-00068,0,1
944,SAM-2018-00721-JCC,0,0
945,NWO-2020-01096-BIS,0,1
946,NAP-2016-00739-65,0,0
947,MVP-2018-02252-AIS,0,0
948,SAW-2016-02139,1,1
949,SAW-2015-02437,1,1
950,LRB-2015-01217,1,1
951,SAC-2015-01199,0,0
952,POA-2017-00315,0,1
953,MVP-2015-02710-MMG,0,0
954,MVP-2017-00072-JTB,0,0
955,SAC-2017-01665,0,1
956,SWL-2016-00389,0,0
957,LRB-2015-01082,0,1
958,SAC-2018-00476,0,1
959,POA-1981-00376,1,1
960,SWG-2010-00429,0,0
961,MVN-2017-01345-SK,1,1
962,SWT-2018-00424,0,0
963,MVK-2017-00461,0,0
964,LRB-2016-01027,0,1
965,MVN-2016-01034-SA,1,1
966,SAC-2016-00991,0,0
967,MVK-2016-00505-CR,0,0
968,LRC-2017-00044,0,0
969,SAC-2015-00578,0,0
970,MVP-2017-01525-ANM,0,0
971,SWT-2018-00262,0,0
972,SAM-2017-00847-APW,0,0
973,SAC-2017-01188,0,1
974,MVP-2018-01520-MHK,0,0
975,NAB-2015-00931-M21,0,1
976,SAC-2019-00817,0,0
977,SAW-2016-02481,0,1
978,MVP-2018-01601-MHK,0,0
979,LRH-2018-00440-OLR,0,0
980,MVP-2015-01013-ARC,0,0
981,NAO-2016-02145,0,0
982,LRC-2019-00994,0,1
983,SAW-2011-00569,0,1
984,MVN-2019-01121-SQ,0,1
985,POA-2016-00046,0,0
986,SAC-2016-01369,1,0
987,LRL-2018-00801-sjk,0,0
988,NWO-2018-00547-DEN,0,0
989,MVN-2015-01347-SK,0,1
990,SAW-2017-01094,0,1
991,SWG-2017-00206,1,1
992,SWG-2019-00321,0,0
993,MVP-2016-03042-JLK,0,0
994,SAW-2015-01456,1,1
995,SAW-2006-00574,0,1
996,NAO-2017-01190,0,1
997,MVP-2004-158159-LMG,0,0
998,SAM-2018-00631-JCC,0,0
999,MVK-2016-00162-TB,0,0
1000,POA-1991-00825,0,0
1001,LRB-2015-01127,1,1
1002,SAC-2016-01846,0,0
1003,SAC-2019-00934,0,1
1004,NWK-2019-00214,0,0
1005,LRC-2016-00063,0,0
1006,MVP-2016-00656-MJB,0,0
1007,SWG-2017-00440,0,0
1008,SWG-2011-00644,1,1
1009,SAW-2018-01192,0,1
1010,SAC-2019-01744,0,0
1011,SAC-2017-00954,0,0
1012,POA-2018-00062,0,0
1013,LRB-2016-00235,1,1
1014,SAC-2006-00686,0,0
1015,MVN-2016-00932-SK,1,1
1016,SAW-2019-00543,0,0
1017,SAW-2015-02482,0,1
1018,SAM-2016-00364-NJW,0,0
1019,MVN-2018-00985-SQ,1,0
1020,SAW-2017-01319,0,0
1021,SAM-2017-00532-JEB,0,1
1022,SWG-2017-00026,0,0
1023,SAS-2015-00668,0,0
1024,MVP-2018-02706-KDZ,0,0
1025,LRL-2016-00107-LCL,0,1
1026,NAO-2016-00106-tca,0,0
1027,MVP-2018-01407-ANM,0,0
1028,NWO-2015-00183-BIS,0,0
1029,SAW-2014-01970,0,1
1030,NAB-2015-01612,0,0
1031,NAP-2015-00372,1,1
1032,MVN-2005-02376-SY,1,1
1033,MVP-2018-02306-AIS,0,0
1034,LRL-2019-00256-SCM,0,0
1035,SAC-2019-00592,0,0
1036,NWO-2013-02246-BIS,0,0
1037,POA-2011-01059,0,0
1038,SAC-2016-01585,0,0
1039,SAW-2018-00166,0,1
1040,SAC-2019-00394,0,1
1041,SAC-2015-01210,0,0
1042,LRH-2017-00045-OLR,0,0
1043,SAC-2019-01447,0,1
1044,SAC-2015-01691-3JY,0,0
1045,LRC-2017-00503,0,1
1046,MVP-2014-02649-WMS,0,0
1047,LRC-2016-00720,0,0
1048,NWO-2020-00502-DEN,0,0
1049,NAO-2019-02297-tca,0,1
1050,LRB-2016-00190,0,1
1051,NAO-2017-00803,0,0
1052,NWO-2019-01473-DEN,0,0
1053,SAW-2018-01291,1,1
1054,SAC-2019-00790,0,0
1055,SAW-2015-02527,0,1
1056,MVR-2016-01365-KLB,0,0
1057,MVK-2016-00898-TB,0,0
1058,SAJ-2016-00121-RWR,1,0
1059,POA-2016-00460,0,1
1060,NAO-2019-02164-arl,0,1
1061,SAC-2017-01485,0,0
1062,LRN-2018-00660,0,0
1063,SAM-2016-00166-NJW,0,0
1064,MVN-2015-02124-SA,0,0
1065,SAC-2016-00892,0,0
1066,MVN-2013-01047-WRR,0,1
1067,SAC-2007-00524,0,1
1068,SAW-2017-02578,0,1
1069,SAS-2004-13640,0,0
1070,MVK-2016-00593-TB,0,0
1071,NAN-2017-00788-USH,0,1
1072,LRC-2018-00375,0,1
1073,SAC-2019-00332,0,1
1074,MVK-2016-00101-CR,0,0
1075,SAJ-2009-02124-MGH,0,1
1076,SAC-2007-00443,0,1
1077,MVN-2012-02584-SB,0,0
1078,SWG-2016-00692,0,0
1079,LRB-2016-01179,0,0
1080,NAP-2015-00833-72,0,0
1081,MVK-2016-00099-CR,0,0
1082,SAW-2015-01968,0,1
1083,LRL-2018-00931-MKD,0,0
1084,LRH-2016-00518-LCR,0,0
1085,SWT-2016-00172-BMN,0,0
1086,LRL-2020-00190-pjl,0,0
1087,LRB-2014-01300,0,1
1088,SAM-2016-00066-APW,0,0
1089,SAM-2015-01148-MGS,0,0
1090,MVP-2016-03682-MLV,0,0
1091,SAW-2015-02499,0,0
1092,LRB-2016-00963,0,0
1093,NAP-2016-00583-51,0,1
1094,MVP-2018-02406-RJH,0,0
1095,LRC-2020-00033,0,1
1096,MVK-2018-00128-JLD,0,1
1097,LRP-2017-00397,0,1
1098,MVK-2015-00912-LCM,0,0
1099,SWT-2017-00163-rbh,1,0
1100,NWO-2004-80131-DEN,0,0
1101,POA-2019-00096,0,0
1102,SAW-2019-02101,0,1
1103,LRB-2008-00278,1,0
1104,MVP-2017-03424-MMJ,0,0
1105,SAS-2019-00260,0,0
1106,SAC-2019-00512,0,0
1107,LRL-2017-00851-MKD,0,1
1108,NAO-2005-01678,0,1
1109,POA-2017-00359,0,1
1110,SAW-2018-01569,0,1
1111,NAO-2020-00564-rhs,0,1
1112,MVN-2018-00201-SL,0,1
1113,MVP-2017-00580-RJH,0,0
1114,SAW-2015-02006,0,1
1115,SAC-2016-01505,0,0
1116,MVP-2019-02146-DWW,0,0
1117,LRB-1994-87212,1,1
1118,NAB-2017-00575-RMS,1,1
1119,SAC-2020-00187,0,0
1120,SAM-2017-01100-JEB,0,1
1121,SAJ-2016-01568-JED,0,1
1122,SWL-2015-00382,0,0
1123,LRN-2006-00016,0,1
1124,NAO-2017-01107-rhs,0,1
1125,SAW-2016-00797,0,1
1126,MVP-2018-03583-AIS,0,0
1127,LRB-2015-00928,0,0
1128,SAC-2017-01997,0,0
1129,POA-2015-00559,0,1
1130,SAW-2005-01107,1,1
1131,SWT-2015-00696,0,0
1132,SWG-2017-00097,1,1
1133,MVP-2015-04051-MJB,0,0
1134,MVN-2017-01127-ES,1,1
1135,NAN-2016-00518-UDA,0,1
1136,NWW-2015-00592-I01,1,1
1137,SAM-2018-00873-JSC,0,0
1138,MVR-2018-01381-AJF,0,0
1139,SWT-2015-00680-rdd,0,0
1140,SAC-2006-01056,0,1
1141,SPK-2018-00792,0,1
1142,LRL-2018-00736-htm,0,0
1143,SAC-2018-01026,0,1
1144,SAC-2011-01366,0,1
1145,SWT-2020-00090,0,0
1146,SAC-2016-00650,0,0
1147,LRN-2015-00599,0,0
1148,MVK-2016-00100-TB,0,0
1149,SWG-2016-00593,1,1
1150,SAW-2016-01411,0,0
1151,LRC-2020-00132,0,1
1152,MVK-2016-00737-TB,0,0
1153,LRB-2015-00883,0,1
1154,LRH-2016-00561,0,0
1155,SWL-2017-00227,0,0
1156,SAC-2019-00897,0,1
1157,MVP-2015-03354-MMJ,0,0
1158,SWT-2017-00487,0,0
1159,SAC-2017-01117,0,0
1160,LRL-2018-00368-sjk,0,0
1161,SWG-2017-00646,0,0
1162,MVP-2018-02200-ANM,0,0
1163,LRC-2016-00269,0,0
1164,NAO-2018-01179,0,0
1165,MVN-2016-00994-SK,0,0
1166,LRP-2009-00477,0,1
1167,MVP-2018-01851-RAN,0,0
1168,SAC-2019-01151,0,1
1169,SAC-2016-01334,0,1
1170,SAW-2017-01939,0,1
1171,MVP-2018-02184-RAN,0,0
1172,SWT-2015-00768,0,0
1173,LRH-2016-00421-SCR,0,0
1174,LRE-2016-00915-102,0,0
1175,MVP-2015-03745-JTB,0,0
1176,SAM-2010-01027-CHE,0,0
1177,LRC-2016-00665,0,1
1178,NAE-2018-00912,0,0
1179,MVM-2018-00187,1,0
1180,MVN-2019-00361-ST,0,0
1181,LRC-2016-00584,0,0
1182,SAC-2016-01730,0,1
1183,MVK-2017-00862-TB,0,0
1184,SAC-2014-01291,0,1
1185,SAC-2018-00799,0,1
1186,LRN-2012-00811,0,0
1187,NWO-2020-01095-DEN,0,1
1188,LRH-2016-00192,0,0
1189,LRC-2015-00765,0,0
1190,NAO-1991-01008,0,0
1191,SAM-2016-01000-CMS,0,0
1192,MVK-2017-00907-TB,1,0
1193,NWK-2019-00375,0,0
1194,MVN-2017-01355-SR,0,0
1195,MVK-2016-00945-CR,0,0
1196,SAW-2017-02310,0,1
1197,LRL-2018-00494-jlb,0,0
1198,SWT-2016-00112,0,0
1199,LRC-2016-00863,0,1
1200,SAC-2019-00224,0,0
1201,MVN-2019-00730-SD,0,0
1202,MVN-2015-02401-SK,0,0
1203,POA-2016-00369,0,1
1204,MVN-2017-00606-ST,0,0
1205,SWG-2018-00861,0,1
1206,MVK-2016-00485-TB,0,0
1207,SAW-2017-00213,0,1
1208,LRC-2016-00782,0,1
1209,MVN-2017-01337-SR,0,0
1210,MVN-2019-00050-EG,0,1
1211,LRE-2017-00315-143,0,0
1212,MVP-2020-00818-AJK,0,0
1213,LRL-2020-00160-htm,0,0
1214,SAC-2015-00129,1,1
1215,LRP-2017-01756,0,1
1216,SAC-2016-00542,0,0
1217,MVK-2016-00782-TB,1,0
1218,SWG-2015-00468,0,0
1219,MVN-2010-02388-1-SD,1,1
1220,SWL-2017-00191,0,0
1221,SAC-2016-00623,0,1
1222,LRC-2018-00249,0,1
1223,LRC-2020-00024,0,0
1224,MVP-2017-02738-BBY,0,1
1225,MVP-2020-00179-AJK,0,0
1226,SWG-2019-00464,0,0
1227,SAC-2010-01409-3JY,0,0
1228,MVN-2016-01006-SJ,0,0
1229,LRC-2017-00709,0,1
1230,SAC-2018-00979,0,0
1231,MVM-2016-00180-jme,0,0
1232,MVP-2017-04034-TJH,0,0
1233,NAO-2016-01239-tca,0,1
1234,SAW-2012-01541,0,0
1235,SAJ-2015-00557-CMW,0,1
1236,MVP-2018-02814-JLK,0,0
1237,MVP-2015-03603-WMS,1,1
1238,SAC-2017-00442,0,1
1239,NAP-2017-00190-83,0,1
1240,SAS-2018-01026,0,0
1241,MVN-2019-01041-SH,0,0
1242,SAC-2015-01250-4S,0,1
1243,MVP-2018-02584-AIS,0,0
1244,MVP-2018-02271-RJH,0,0
1245,MVP-2018-00412-KDZ,0,0
1246,MVN-2015-00925-SR,0,1
1247,MVP-2018-01167-JLK,0,0
1248,SAC-2017-00127,0,0
1249,LRH-2018-00055,0,0
1250,MVP-2017-02474-JTB,0,0
1251,NWO-2009-01808-MTM,0,0
1252,MVN-2017-01139-SR,0,1
1253,SWL-2017-00074,0,0
1254,NWO-2018-00764-BIS,0,1
1255,NAP-2017-00217-65,0,0
1256,SAC-2019-00161,0,0
1257,NAO-2016-01201,0,0
1258,MVP-2018-00155-RAN,0,0
1259,SWL-2017-00322,0,0
1260,POA-2019-00533,1,0
1261,NWS-2009-00785,0,0
1262,MVK-2016-00391-TB,0,0
1263,NWS-2016-00499,1,1
1264,SAC-2020-00408,1,0
1265,MVP-2019-00260,0,0
1266,SAW-2015-02459,0,1
1267,SAC-2013-00370,0,1
1268,LRL-2017-00559,0,0
1269,NWK-2017-01651,0,0
1270,MVM-2018-00030-jme,0,0
1271,SAM-2020-00069-KMN,0,0
1272,MVN-2016-01403-ES,0,1
1273,SAC-2017-01975,0,0
1274,LRC-2017-00273,0,1
1275,MVK-2019-00752-AEL,0,0
1276,SAM-2018-01319-JCC,0,0
1277,POA-2019-00218,0,0
1278,SWG-2017-00318,0,1
1279,MVP-2016-02355-MLV,0,0
1280,NWK-2019-00722,0,0
1281,SAC-2014-00856-4E,0,1
1282,LRL-2016-00717-sjk,0,0
1283,MVK-2017-00570-TB,1,0
1284,POA-2017-00292,0,0
1285,NWO-2020-00236-DEN,0,0
1286,NWS-2010-00507,0,0
1287,LRB-2016-00329,0,1
1288,SWT-2017-00672,0,0
1289,NAB-2018-02116-P13,0,0
1290,SAW-2018-00854,0,0
1291,NAN-2016-00567-ULA,0,1
1292,SWL-1995-13032,0,0
1293,LRC-2015-00752,0,0
1294,SAC-2020-00606,0,0
1295,MVK-2016-00133-LCM,0,0
1296,SAS-2006-02150,0,0
1297,LRC-2004-12544,0,1
1298,MVP-2006-04146-LMG,0,1
1299,NAO-2016-00434-tca,0,0
1300,SAW-2016-01864,0,1
1301,SAW-2006-41375,1,1
1302,SAW-2014-01587,0,1
1303,SWG-2018-00218,0,0
1304,SAC-2019-00983,0,0
1305,SAM-2019-00350-LET,0,0
1306,MVP-2020-00254-BGO,0,0
1307,LRH-2016-00294-TUS,0,0
1308,LRL-2019-00075-sjk,0,0
1309,SAJ-2018-02572-KRD,0,0
1310,SWG-2016-00238,1,1
1311,MVN-2018-01258-SK,0,0
1312,MVP-2019-02075-AIS,0,0
1313,SWG-2019-00217,0,0
1314,SWG-2016-00076,1,0
1315,SAS-2016-00205,1,0
1316,NAO-2018-00770,1,1
1317,LRC-2017-00291,0,1
1318,SWG-2011-00297,1,1
1319,SAC-2019-01003,0,0
1320,SAC-2016-00689,0,1
1321,SAM-2018-01163-CMS,0,0
1322,SAC-2015-01241,0,1
1323,SWL-2016-00404,0,0
1324,NWK-2017-02083,0,0
1325,NAB-2015-00782-M21,1,1
1326,LRL-2018-01010,0,0
1327,MVP-2019-02212-SJW,0,0
1328,SAW-2019-02392,0,1
1329,MVN-2018-00145-SQ,0,0
1330,MVN-2015-01057-SQ,0,1
1331,SAC-2015-01124,0,0
1332,LRH-2018-00956-MUS,0,0
1333,MVP-2016-00640-JVD,0,0
1334,SAC-2018-01659,0,0
1335,NAO-2016-02239,0,0
1336,NWO-2018-02099-DEN,0,0
1337,SAW-2015-01784,0,1
1338,LRC-2018-00038,0,1
1339,SAC-2015-01205,0,0
1340,SAW-2017-01188,0,0
1341,MVN-2016-01501-WII,0,1
1342,MVK-2017-00407-cdp,0,0
1343,LRH-2019-00911-GAU,0,0
1344,MVN-2016-00448-XX,0,0
1345,MVN-2015-01920-SR,0,1
1346,MVM-2015-00484-CDK,0,0
1347,SAW-2016-00919,0,1
1348,LRB-2017-00607,0,0
1349,POA-1994-00574,0,0
1350,NWK-2017-01471,0,0
1351,SAW-2017-02394,0,1
1352,POA-2019-00515,0,0
1353,LRB-2015-00960,0,1
1354,SAW-2019-00259,0,0
1355,LRL-2019-00737,0,0
1356,LRL-2019-00351-LCL,0,0
1357,LRC-2019-01054,0,1
1358,SAC-2019-00974,0,1
1359,SAC-2017-00141,0,0
1360,SWT-2018-00266,0,0
1361,SAW-2015-00211,0,1
1362,LRB-2011-00919,0,1
1363,LRH-2016-00577-SCR,0,0
1364,SWG-2019-00127,0,0
1365,LRL-2018-00525-htm,0,0
1366,MVN-2016-00210-SJ,0,0
1367,LRL-2015-00637-jlb,0,1
1368,MVP-2019-00158-KJH,0,0
1369,NAE-2015-01262,0,0
1370,SWG-2016-00067,1,1
1371,SAM-2020-00078-KMN,0,0
1372,LRL-2017-00957-sam,0,0
1373,LRC-2016-00904,0,1
1374,LRH-2019-00465-OHR,0,0
1375,SWT-2016-00123-bmn,0,0
1376,LRN-2017-00665,0,0
1377,LRB-2019-01163,0,0
1378,MVP-2018-00334-DWW,0,0
1379,LRC-2016-00661,0,0
1380,MVM-2016-00064-jkb,0,0
1381,NAO-2015-02130-tmm,0,1
1382,NWO-2019-00246-BIS,0,0
1383,NWO-2019-01133-RWY,0,1
1384,SWG-2016-00508,0,1
1385,NWO-2020-00592-RWY,0,0
1386,MVK-2016-00061-LCM,1,0
1387,LRB-2005-00781,0,1
1388,SAC-2018-00041,0,1
1389,SWG-2016-01075,0,1
1390,MVK-2017-00445-CR,0,0
1391,SAC-2017-01311,0,1
1392,LRL-2020-00036-SCM,0,0
1393,SAW-2018-01916,1,1
1394,SWL-2015-00333,0,0
1395,SWG-2017-00129,0,0
1396,SAC-2020-00615,0,1
1397,MVP-2009-04099-NTD,0,0
1398,MVK-2016-00922-TB,0,0
1399,MVP-2017-02050-NTD,0,0
1400,SAJ-2015-02185-BEM,0,1
1401,LRC-2015-00527,0,1
1402,SWG-2018-00308,0,1
1403,POA-2019-00425,0,0
1404,LRL-2018-00423-MKD,0,0
1405,LRC-2000-20891,0,1
1406,MVR-2016-01189-KLB,0,1
1407,POH-2015-00215,1,0
1408,MVP-2017-02338-KJH,0,0
1409,NAP-2008-00777-39,0,1
1410,MVP-2017-01609-KJH,0,0
1411,SAW-2006-00578,1,1
1412,SWL-2017-00133,0,0
1413,POA-2016-00365,0,0
1414,SAM-2015-01210-MJF,1,1
1415,LRB-2017-01408,0,1
1416,MVK-2015-00581-TB,0,0
1417,MVP-2017-00504-SJW,0,0
1418,MVN-2017-00242-ST,0,0
1419,NWK-2019-00218,0,0
1420,NAP-2016-00702-72,0,0
1421,POH-2006-00289-FKW,1,1
1422,LRC-2015-00824,0,1
1423,LRL-2019-00944,0,0
1424,NAO-2013-00306-rhs,0,1
1425,SWL-2018-00132,0,0
1426,LRL-2017-00748,1,0
1427,MVP-2016-04257-RMM,0,0
1428,MVN-2017-01430-ST,0,0
1429,SAW-2016-00568,0,1
1430,LRH-2015-01008,0,0
1431,MVP-2019-02966-RJH,0,0
1432,POA-2019-00083,0,0
1433,MVN-2008-00684-1-EMM,0,1
1434,NAO-2018-00941,0,0
1435,MVP-2016-02586-KDZ,0,1
1436,SAC-2019-00121,0,0
1437,NAO-2009-02887-tca,0,0
1438,MVP-2016-03301-WMS,1,1
1439,SAC-2019-01487,0,0
1440,SAC-2015-00521,0,0
1441,MVK-2016-00248-CR,0,0
1442,MVP-2014-03727-BBY,0,0
1443,MVN-2016-01032-SG,0,0
1444,SWG-2017-00183,0,0
1445,LRC-2017-00543,0,1
1446,MVP-2018-01191-LMG,0,0
1447,NWO-2014-01097-PIE,0,0
1448,LRH-2017-00936-SCR,0,0
1449,SAW-2006-41089-010,0,1
1450,LRB-2012-00837,0,0
1451,NWO-2020-00344-DEN,0,1
1452,NAO-2020-00285-bcd,0,0
1453,POA-2018-00264,0,0
1454,MVN-2015-02458-SK,0,1
1455,SAW-2015-01955,0,1
1456,POA-2017-00562,0,0
1457,LRC-2016-00247,0,1
1458,SAC-2015-00945-4E,0,1
1459,SWG-2018-00083,1,1
1460,MVM-2016-00167-RDM,1,1
1461,LRE-2016-00335-102,0,1
1462,MVN-2016-00895-SG,0,0
1463,MVN-2020-00074-SG,0,1
1464,NAO-2018-00347,0,1
1465,NWK-2016-01148,0,0
1466,LRB-2012-00990,0,0
1467,LRL-2019-00584,0,0
1468,MVP-2016-02871-MMJ,0,0
1469,SAW-2015-01650,0,1
1470,MVK-2017-00103-TB,0,0
1471,MVP-2016-03681-MMJ,0,0
1472,SAC-2019-00336,0,0
1473,SAC-2017-00374,0,0
1474,SWG-2017-00400,1,1
1475,SAC-2017-01427,0,0
1476,NWO-2019-01229-WEH,0,0
1477,SAW-2016-00308,1,1
1478,MVP-2018-02689-DJM,0,0
1479,MVN-2015-02309-WJJ,1,1
1480,SWG-2009-00111,1,1
1481,NAN-2015-00846-WCA,0,1
1482,MVP-2018-00221-JRS,0,0
1483,MVP-2015-04739-LMG,0,0
1484,MVP-2018-02203-AIS,0,0
1485,SAM-2017-00444-JRO,0,0
1486,MVP-2017-02396-RAN,0,0
1487,MVN-2018-01281-SG,1,1
1488,LRC-2018-00102,0,1
1489,SAC-2016-00074-4S,0,0
1490,SAW-2007-01909-065,0,1
1491,POA-2019-00496,0,0
1492,SWT-2020-00157,0,1
1493,MVN-2018-00216-WKK,0,1
1494,NWO-2019-00560-DEN,0,0
1495,POA-2010-00804,0,1
1496,SAC-2017-01463,0,1
1497,SAW-2017-01810,0,1
1498,MVP-2016-02332-RMM,0,0
1499,SAC-2017-01544,0,0
1500,SAM-2018-00662-APW,0,0
1501,SAC-2019-00435,0,1
1502,NWO-2020-00937-DEN,0,0
1503,SAC-2018-00733,0,0
1504,SWG-2016-00320,0,0
1505,LRH-2016-00911-SCR,0,0
1506,MVP-2016-02992-LMG,0,0
1507,SAM-2015-01223-JEB,0,0
1508,SAC-2019-00192,0,0
1509,MVM-2016-00396-jkb,0,0
1510,MVP-2016-01368-MMJ,0,1
1511,SAC-2017-00950,0,0
1512,MVP-2008-05736-MVM,0,0
1513,LRC-2018-00397,0,1
1514,SAC-2017-00239,0,0
1515,SAW-2017-01630,0,0
1516,LRC-2016-00041,0,1
1517,MVK-2016-00104-TB,0,0
1518,SAC-2018-00094,0,1
1519,MVP-2016-04015-RMM,0,0
1520,SAW-2014-00922,0,1
1521,LRH-2017-00742-MUS,0,0
1522,SAC-2016-01581,0,0
1523,MVP-2017-01844-SJW,0,0
1524,NWK-2016-00132,0,0
1525,NWS-0-09860,0,0
1526,NWK-2016-00051,1,1
1527,MVP-2019-00567-JLK,0,0
1528,LRH-2015-00384-MUS,0,0
1529,NAO-2018-01349-tca,0,0
1530,SAW-2016-00128,0,1
1531,LRC-2015-00697,0,1
1532,SAC-2018-00058,0,1
1533,SAM-2012-01233-TMB,0,0
1534,MVK-2017-00302-CR,0,0
1535,LRH-2017-00678-OLR,0,0
1536,SAC-2019-00552,0,0
1537,MVP-2016-01225-RMM,0,0
1538,SAW-2017-01351,0,0
1539,SWG-2018-00397,0,0
1540,NWK-2017-00984,0,0
1541,SAC-2016-01626,0,0
1542,MVN-2016-01272-SY,0,1
1543,SAM-2017-00582-APW,0,0
1544,SAC-2019-01209,0,0
1545,SAC-2016-01068,0,0
1546,NWP-2016-00100,0,1
1547,LRC-2016-00795,0,0
1548,MVP-2015-03469-RAN,0,0
1549,SWG-2017-00299,0,1
1550,SAW-2016-00362,0,0
1551,MVK-2016-00696-TB,0,0
1552,MVN-2009-01162-SY,0,1
1553,LRB-2015-01141,0,0
1554,MVP-2020-00127-JLK,0,0
1555,NWO-2020-00054-MT,0,1
1556,MVP-2016-02277-SJW,0,0
1557,POA-2017-00401,0,0
1558,MVP-2015-00254-SLM,0,1
1559,LRL-2018-00352,0,0
1560,SAC-2015-00907,0,1
1561,SAC-2017-01751,0,1
1562,SAC-2007-02238,0,1
1563,SAW-2016-02090,0,1
1564,MVP-2005-04578-LMG,0,0
1565,LRN-2007-00901,0,0
1566,SAC-2017-01832,0,1
1567,SAC-2016-00366,0,1
1568,SWG-2008-00497,1,1
1569,LRC-2018-00388,0,1
1570,NWO-2019-02185-RWY,0,0
1571,LRH-2016-00196,0,0
1572,SAC-2016-01734,0,1
1573,SAW-2016-00155,0,1
1574,MVP-2008-05660-MMJ,0,0
1575,NWS-2016-00356,1,1
1576,SAW-2015-01263,0,1
1577,NWK-2016-00042,1,1
1578,MVK-2016-00489-TB,0,0
1579,SAS-2008-00707,0,0
1580,MVN-2017-01177-ST,0,0
1581,SAC-2018-01219,0,0
1582,SAC-2018-01057,0,0
1583,SAM-2015-01306-NJW,1,0
1584,MVR-2016-01235-KLB,0,1
1585,NWK-2016-00598,0,1
1586,POA-2012-00811,0,0
1587,MVP-2017-01812-MJB,0,0
1588,LRB-2008-00768,0,1
1589,MVN-2010-01743-WLL,0,1
1590,NAB-2015-61337-M35,1,1
1591,SAC-2015-01591,0,1
1592,NAN-2017-00760-UDE,0,1
1593,MVN-2017-00580-SG,0,1
1594,MVP-2006-06594-MLV,0,0
1595,MVN-2018-01158-ST,0,0
1596,NAO-2017-01229-sbg,0,1
1597,SAC-2019-00147,0,1
1598,NAO-2017-01994,0,1
1599,SAW-2014-00076,0,1
1600,LRH-2017-00589-TUS,0,0
1601,SAC-2016-01770,0,0
1602,MVK-2016-00033-CR,0,0
1603,NWS-2016-00554,0,1
1604,SAC-2018-00445,0,0
1605,NWP-2017-00349,0,1
1606,SWT-2016-00131-jth,0,0
1607,SWG-2019-00729,0,0
1608,NWO-2005-60676-BIS,0,1
1609,MVN-2016-00021-EPP,0,1
1610,SAC-2017-01553,0,0
1611,NAO-2006-00908-nla,0,0
1612,NWK-2016-00402,0,0
1613,MVN-2016-00881-CD,0,0
1614,NWO-2019-02270-DEN,0,0
1615,SAC-2019-01119,0,1
1616,MVN-2017-01318-SG,0,0
1617,SAC-2017-01391,0,0
1618,MVK-2016-00886-CR,0,0
1619,NWK-2011-00362,1,1
1620,SAM-2015-01122-CMS,0,0
1621,MVN-2015-01381-SY,1,1
1622,LRL-2016-01058-sam,0,0
1623,NWO-2020-00147-PIE,0,1
1624,MVK-2017-00686-TB,0,0
1625,SAC-2018-00823,0,0
1626,LRL-2020-00084-sjk,0,0
1627,SAW-2016-00731,0,1
1628,MVN-2017-01366-SD,0,1
1629,MVN-2017-01505-SY,0,0
1630,SAC-2018-00427,0,1
1631,SAW-2019-00314,0,1
1632,POH-2017-00158,0,0
1633,LRC-2016-00212,0,1
1634,POA-2020-00164,0,0
1635,SAC-2018-00184,0,1
1636,SAC-2017-00806,0,0
1637,MVP-2017-00926-SJW,0,0
1638,LRE-2018-00092-144,0,0
1639,SAC-2011-00013,0,0
1640,SAC-2015-00961,0,1
1641,SAM-2015-01207-NJW,0,0
1642,SAM-2018-01221-JSC,0,0
1643,SAC-2019-01614,0,0
1644,SAM-2019-00819,0,0
1645,SWG-1994-00016,0,0
1646,NAN-2015-00825-UDE,0,1
1647,MVP-2019-01039-AJK,0,0
1648,NWS-2018-00534,1,1
1649,MVP-2019-02139-RJH,0,0
1650,SAW-2016-01820,0,1
1651,SAW-2016-01109,0,1
1652,SAC-2009-01103-3H,0,0
1653,MVP-2017-02667-LMG,0,0
1654,SAC-2018-00463,0,1
1655,NAO-2020-00049,0,0
1656,NAP-2016-00636-65,0,0
1657,MVK-2016-00821-AHG,0,0
1658,MVM-2016-00288-jkb,0,0
1659,SAC-2019-01137,0,1
1660,SAW-2018-01029,0,0
1661,LRC-2017-00151,0,0
1662,NAO-2017-00055,0,1
1663,NAO-2016-01747-nla,0,0
1664,NAB-2019-61472-M34,0,1
1665,SAC-2018-00583,0,1
1666,SAC-2019-00609,0,0
1667,LRL-2018-00535,0,0
1668,NWO-2016-01306-BIS,0,1
1669,NAO-2016-01853-rhs,0,1
1670,MVN-2016-00468-WII,0,1
1671,MVP-2013-02663-DJM,0,0
1672,LRH-2007-00046-TUS,0,0
1673,POA-2016-00036,0,0
1674,MVN-2011-01461-SQ,0,1
1675,POA-2020-00248,0,0
1676,SAW-2015-02175,1,1
1677,LRH-2016-00644-SCR,0,0
1678,SAM-2016-01387-APW,0,0
1679,MVP-2015-03305-MLV,0,0
1680,SAW-2017-01804,0,0
1681,SAW-2015-02094,1,1
1682,MVN-2014-02412-SQ,0,1
1683,NAO-2014-02173,0,1
1684,NAN-2016-01688-WOR,0,1
1685,LRN-2016-01129,0,0
1686,SAC-2018-01591,0,0
1687,MVK-2017-00620-CR,0,0
1688,SAW-2016-00770,0,1
1689,LRE-2016-00859-102,0,1
1690,SAW-2015-01329,0,1
1691,MVP-2014-02725-DJM,0,0
1692,LRB-2016-01413,0,0
1693,SAC-2019-01536,0,1
1694,NWK-2015-02026,0,1
1695,SAC-2016-01001,0,0
1696,NAO-2011-00416-tca,0,1
1697,SAW-2016-00851,0,1
1698,LRC-2019-01040,0,0
1699,SAC-2015-01750-4E,0,0
1700,SWT-2018-00090,0,0
1701,SWL-2019-00277,0,0
1702,LRC-2016-00332,0,0
1703,SAC-2016-00981,0,0
1704,MVP-2017-02949-LMG,0,0
1705,MVP-2014-04307-BBY,0,0
1706,MVN-2017-00552-SK,0,0
1707,MVP-2020-00590-MHK,0,0
1708,MVN-2015-01421-SQ,0,0
1709,MVP-2015-04394-NTD,0,0
1710,SAC-2018-00844,0,0
1711,MVP-2016-03200-SJW,0,0
1712,SAW-2019-00731,0,0
1713,MVM-2018-00151,0,0
1714,SAC-2015-00865,0,0
1715,SAC-2017-00980,0,1
1716,SWG-2011-00337,1,1
1717,NWK-2017-01232,0,0
1718,SAS-2019-00375,0,0
1719,NAO-2016-01181,0,0
1720,SAS-2015-00694,0,0
1721,SAW-2017-02470,0,1
1722,SAW-2016-00275,0,1
1723,MVK-2016-00979-CR,0,0
1724,LRL-2017-00212-MKD,0,0
1725,MVN-2018-01234-SL,0,0
1726,NWO-2019-02188-RWY,0,0
1727,SAC-2006-02219-4JJ,0,0
1728,MVM-2016-00307-CDK,0,0
1729,LRL-2012-00824-jlb,0,0
1730,MVN-2015-02410-SB,0,1
1731,MVK-2017-00061-TB,0,0
1732,MVR-2016-00330-AJF,0,1
1733,SAC-2017-01637,1,1
1734,SWT-2018-00153,0,0
1735,MVN-2015-02446-SY,0,1
1736,SWL-2016-00199,0,0
1737,SAC-2017-00467,0,0
1738,NAO-2020-00533-rdb,0,0
1739,SAC-2019-01635,0,0
1740,SAC-2018-00169,0,0
1741,MVK-2016-00404-TB,0,0
1742,MVN-2016-00168-SY,1,1
1743,SAC-2019-00663,0,0
1744,SAC-2020-00025,0,0
1745,MVN-2018-00064-SL,0,0
1746,SAC-2015-00982,0,0
1747,MVN-2015-02086-SY,0,0
1748,LRL-2017-00815,0,0
1749,MVP-2012-04018-LMG,0,0
1750,LRC-2017-00052,0,1
1751,SAW-2015-02553,0,1
1752,LRE-2017-00320-120,0,0
1753,SWG-2017-00016,0,0
1754,LRC-2016-00350,0,1
1755,MVP-2018-00604-BBY,0,0
1756,LRL-2016-00159,0,0
1757,NAN-2018-00140-WOR,0,1
1758,NAB-2015-01380-M30,0,1
1759,SWG-2016-00071,1,1
1760,MVK-2018-00214-CR,0,0
1761,NWO-2019-01967-PIE,0,0
1762,SAM-2015-01131-KMN,0,1
1763,SAW-2017-02065,0,1
1764,MVP-2017-00800-EMN,0,0
1765,SAW-2019-01532,0,1
1766,POA-2016-00207,0,1
1767,LRN-2014-01293,0,0
1768,SWG-2016-00341,0,1
1769,SWG-2015-00405,1,1
1770,MVN-2016-00205-SQ,0,0
1771,SAW-2016-00266,0,1
1772,NAN-2017-01159-WST,0,0
1773,SAM-2019-00835-JLB,0,0
1774,SAC-2020-00133,0,0
1775,MVP-2017-02700-MLV,0,0
1776,SAC-2019-00771,0,1
1777,MVN-2019-01079-ST,0,0
1778,NAO-2017-01310-tca,0,1
1779,SWG-2018-00141,1,1
1780,SAW-2016-00185,0,1
1781,MVN-2015-00574-SY,0,1
1782,NAO-2002-02257,0,0
1783,MVP-2017-00336-RMM,0,0
1784,SAM-2019-00520-JDC,0,0
1785,SAC-2017-00458,0,0
1786,SAW-2018-00183,1,1
1787,SAW-2008-03163,0,0
1788,MVN-2016-01242-CO,0,1
1789,SAW-2016-01832,0,1
1790,MVP-2015-04583-NTD,0,0
1791,MVP-2017-03009-RMM,0,0
1792,LRB-2016-01260,0,1
1793,POA-2017-00107,1,0
1794,LRC-2015-00324,0,1
1795,MVP-2018-00330-JLK,0,0
1796,MVN-2016-00331-SA,1,0
1797,MVN-2015-02321-SQ,0,0
1798,SAW-2015-00762,0,1
1799,MVP-2017-01622-BBY,0,0
1800,NWO-2019-00854-WEH,1,1
1801,POA-2017-00341,0,0
1802,SAW-2016-00383,1,1
1803,SWL-2012-00151,0,1
1804,MVN-2016-00914-SJ,0,1
1805,MVP-2009-01517-MJB,1,1
1806,NWS-2016-00584,0,1
1807,POA-2017-00503,0,0
1808,MVP-2019-03038-BGO,0,0
1809,SWG-2011-01237,1,1
1810,MVN-2015-00869-SR,0,1
1811,SAC-2015-01765,0,1
1812,MVN-2016-01457-SG,0,1
1813,SWG-2017-00304,0,1
1814,MVN-2018-00189-ST,0,1
1815,NAO-2017-00203-tca,0,1
1816,NAO-2015-01970-tmm,0,1
1817,LRC-2020-00292,0,1
1818,LRC-2015-00306,1,1
1819,LRH-2015-00654-SCR,0,0
1820,POA-2016-00540,0,0
1821,NAN-2017-00736-UDE,0,1
1822,MVP-2017-02303-LMG,0,0
1823,SAC-2016-00384-3JY,0,0
1824,LRL-2016-00979-htm,0,1
1825,SAC-2017-00917,0,0
1826,POA-2018-00025,1,1
1827,SAW-2015-01554,0,0
1828,SAC-2017-01808,0,1
1829,LRC-2017-00106,0,0
1830,SAC-2017-00755,0,1
1831,POA-2016-00504,0,0
1832,MVP-2017-01163-BBY,0,0
1833,MVK-2018-00505-ael,0,0
1834,SAM-2016-00246-NJW,0,0
1835,MVP-2014-02104-MMJ,0,0
1836,NAB-2016-60633-M39,0,0
1837,SAC-2014-00497,0,1
1838,NAB-2015-01441-P02,0,0
1839,NAO-2011-00999-tca,1,1
1840,SAC-2019-01563,0,0
1841,SAW-2016-01931,1,1
1842,MVK-2016-00969-TB,0,0
1843,MVK-2018-00132-TB,0,0
1844,MVM-2018-00043,0,0
1845,SAM-2017-00429-JRO,0,0
1846,SAW-2016-00482,0,1
1847,SAC-2012-00697,0,1
1848,LRL-2017-01215-sjk,0,0
1849,SWL-2019-00385,0,0
1850,LRC-2016-00440,0,1
1851,SAC-2016-00039-4E,0,0
1852,SAW-2015-02643,1,1
1853,MVP-2017-03364-MVM,0,0
1854,SAC-2010-00916,0,0
1855,MVP-2015-04195-MLV,0,0
1856,MVP-2013-04712-AJK,0,0
1857,MVK-2016-00268-TB,1,0
1858,NAO-2017-02000,0,1
1859,NAO-2017-01624-tca,0,1
1860,SAW-2018-01111,1,1
1861,SAW-2015-01688,0,1
1862,NWP-2018-00352,0,0
1863,MVP-2015-01551-NTD,0,0
1864,SAC-2018-00350,0,0
1865,POA-2016-00359,0,0
1866,LRC-2017-00717,0,1
1867,MVP-2016-01237-JVD,0,0
1868,NAB-2016-00068-P05,0,1
1869,MVK-2015-00962-TB,0,0
1870,SWG-2015-00791,0,0
1871,SWG-2018-00932,1,1
1872,MVN-2017-00879-SG,0,0
1873,MVP-2018-02862-KJH,0,0
1874,SWG-2019-00553,0,0
1875,MVN-2017-00068-SA,0,0
1876,MVP-2016-02722-RJH,0,0
1877,POA-2016-00278,0,1
1878,SAW-2019-01927,0,1
1879,MVN-2017-01433-ST,0,0
1880,LRC-2020-00113,0,0
1881,SAC-2019-01024,0,0
1882,NWO-2017-01745-MTM,0,0
1883,MVN-2018-00127-ST,0,0
1884,NAO-2009-00254-bcd,0,0
1885,LRN-2019-00774,0,0
1886,LRL-2015-00736-LCL,0,0
1887,SAW-2016-00222,0,1
1888,LRC-2016-00493,0,1
1889,SAC-2015-01511-3S,0,0
1890,LRL-2019-00491-htm,0,1
1891,SWG-2012-00220,1,1
1892,NAO-2020-00516-arl,0,0
1893,SWG-2019-00193,0,0
1894,SWG-2016-00376,0,0
1895,SAC-2017-00531,0,1
1896,SWG-2016-00538,0,0
1897,SAC-2019-01859,0,0
1898,SWG-2016-00691,0,0
1899,NWO-2019-01849-DEN,0,0
1900,SAC-2018-00710,0,0
1901,SAW-2006-41576,0,1
1902,SAC-2019-01303,0,0
1903,MVP-2015-01098-MHK,0,0
1904,MVN-2018-01414-ST,0,0
1905,SAC-2017-01107,0,0
1906,MVN-2016-00788-SY,0,0
1907,LRC-2016-00097,0,0
1908,NAO-2016-01643-tca,0,1
1909,NWO-2017-00395-BIS,0,0
1910,SAW-2017-00795,0,1
1911,SAC-2015-01541,0,0
1912,LRH-2015-00705,0,0
1913,SAC-2017-01323,0,1
1914,MVN-1992-01300,0,1
1915,NWS-2016-00799,1,1
1916,NAN-2016-01282-UDA,0,1
1917,SAW-2012-01414,0,0
1918,NWK-2017-01870,0,0
1919,SAC-2016-00019,0,0
1920,POA-2018-00177,0,0
1921,SWL-2015-00264,0,0
1922,MVP-2017-01349-MLV,0,0
1923,SAW-2019-00496,0,0
1924,NAB-2016-60328-M21,1,1
1925,SAM-2019-00963-TCW,0,0
1926,SAW-2018-00794,0,1
1927,LRL-2017-00194-LCL,0,1
1928,MVK-2015-00963-CR,0,0
1929,NAO-2019-01807,0,0
1930,SAC-2017-00117,0,0
1931,SAW-2019-01945,1,1
1932,NWS-2016-00720,0,1
1933,LRB-2014-01198,0,0
1934,SWG-2019-00733,0,0
1935,MVP-2019-00085-JLK,0,0
1936,NAO-2017-02033-rhs,0,0
1937,SWG-2016-00637,0,1
1938,LRC-2017-00375,0,0
1939,SAM-2015-01284-LET,0,1
1940,LRN-2017-01012,0,1
1941,MVP-2016-00728-MHK,0,0
1942,NAP-2017-00281-72,0,0
1943,MVN-2015-01635-SR,0,1
1944,SAC-2017-01440,0,0
1945,SWG-2016-00137-RCC,0,1
1946,MVP-2016-02159-LMG,0,1
1947,MVK-2017-00267-TB,0,0
1948,NWK-2016-00287,0,1
1949,MVK-2017-00744-TB,0,0
1950,NWP-2015-00355,0,1
1951,SAS-2015-00821,0,0
1952,MVP-2015-03103-DJM,0,0
1953,LRN-2016-00104,0,1
1954,LRH-2012-00542-BCR,0,1
1955,MVP-2016-04201-PRH,0,0
1956,SAC-2005-05511,0,0
1957,SAC-2019-00511,0,0
1958,SAC-2012-00851,0,1
1959,LRN-2015-01050,0,0
1960,SAC-2016-01261,0,0
1961,SAC-2018-01016,0,1
1962,SAW-2018-00866,0,1
1963,SAW-2015-02669,1,1
1964,SAW-1990-30036,0,1
1965,SAW-2016-00589,1,1
1966,LRC-2016-00466,0,1
1967,NWO-2019-01419-PIE,0,0
1968,MVP-2016-01269-LSP,0,0
1969,MVP-2017-01766-ANM,0,0
1970,MVP-2018-03616-JRS,0,0
1971,SAC-2018-00044,0,1
1972,SAC-2015-00227,0,0
1973,SAW-2019-02269,1,1
1974,MVP-2016-01934-LMG,0,1
1975,SWG-2018-00626,0,0
1976,SAC-2010-00844,0,1
1977,SWG-2016-00187,0,1
1978,LRL-2018-00609-htm,0,0
1979,NAO-2020-00473-rhs,1,1
1980,SAC-2018-01412,0,0
1981,MVK-2016-00916-TB,0,0
1982,POA-2019-00509,0,0
1983,SAC-2016-00244,1,1
1984,NWO-2019-01815-PIE,0,0
1985,SAC-2016-01135,0,1
1986,LRB-1985-69031,1,1
1987,MVK-2014-00434-ldm,0,0
1988,LRC-2017-00807,0,1
1989,SAC-2018-00996,0,1
1990,MVP-2018-03139-JRS,0,0
1991,SAW-2016-02130,0,0
1992,NAO-2017-01250-rhs,0,1
1993,SAC-2019-00698,0,0
1994,SAW-2016-01122,0,1
1995,SAM-2018-00638-JCC,0,0
1996,SAC-2018-00879,0,1
1997,NAN-2017-01250-UDE,0,0
1998,MVK-2016-00394-TB,0,0
1999,SAC-2017-01431,0,0
2000,LRC-2018-00149,0,1
2001,SAW-2019-00685,0,1
2002,LRC-2018-00860,0,0
2003,SAW-2019-01020,0,1
2004,SAC-2016-01018,0,1
2005,MVP-2016-04156-MWM,0,0
2006,MVP-2016-00508-MMJ,0,0
2007,SAC-2017-01987,1,0
2008,MVP-2017-03742-JTB,0,0
2009,SAM-2016-01474-CMS,0,0
2010,MVP-2006-04096-MLV,0,0
2011,MVP-2020-00754-AJK,0,0
2012,SWG-2019-00841,0,0
2013,NAO-2010-02049-rhs,0,0
2014,SAW-2014-01959,0,0
2015,MVP-2018-01337-RAN,0,0
2016,LRC-2019-01057,0,1
2017,NWK-2015-02196,0,0
2018,NAO-2016-00680-tca,1,0
2019,MVN-2001-03397,0,1
2020,SWG-2017-00564,0,1
2021,NWO-2019-02007-WEH,0,0
2022,NWO-2019-01491-BIS,0,0
2023,SAC-2017-00063,0,0
2024,SAC-2019-01231,0,0
2025,LRC-2016-00268,0,1
2026,NWO-2018-02062-WEH,0,0
2027,NWO-2018-01711-WEH,0,0
2028,NAB-2015-01574,0,0
2029,SWG-2016-00367,0,0
2030,MVN-2018-01318-SQ,1,1
2031,MVM-2019-00320-jme,0,0
2032,SAM-2015-01238-KMN,0,1
2033,SWG-2018-00644,0,0
2034,MVP-2017-00294-JLK,0,0
2035,SWG-2016-00682,1,1
2036,SAJ-2018-02372-VEK,0,0
2037,MVK-2018-00176-TB,0,0
2038,SWG-2018-00086,0,1
2039,MVK-2019-00751-TB,0,0
2040,NWP-1999-00081,0,0
2041,MVK-2017-00555-TB,0,0
2042,MVN-1997-01725,0,0
2043,MVP-2015-03555-LMG,0,0
2044,SAC-2018-00620,0,1
2045,SAC-2016-01234,0,1
2046,NAN-2017-01311-USH,0,1
2047,LRP-2017-01001,0,0
2048,MVP-2017-01464-JLK,0,0
2049,MVK-2015-00693-CR,0,0
2050,LRL-2019-00299-SCM,0,0
2051,NWO-2014-01892-BIS,0,1
2052,LRH-2018-00547-TUS,0,0
2053,SAW-2019-01756,0,0
2054,SAC-2019-01015,0,0
2055,MVK-2018-00059-TB,0,0
2056,SAC-2020-00519,0,0
2057,SAW-2019-02089,0,0
2058,LRC-2017-00069,0,1
2059,SAC-2016-01351,0,1
2060,NWO-2020-00856-RWY,0,0
2061,SAC-2019-01886,0,1
2062,NAO-2017-00846,0,0
2063,SAM-2017-00430-JRO,0,0
2064,POA-2007-01484,0,1
2065,SAC-2016-01432,0,0
2066,MVP-2019-02673-ANM,0,0
2067,LRN-2019-00729,0,0
2068,NAO-2017-00805-tca,0,1
2069,SAW-2003-00343,0,1
2070,POA-2018-00069,0,0
2071,SWT-2020-00143,0,0
2072,POA-2019-00482,0,0
2073,SAW-2018-01663,0,1
2074,NWO-2020-00271-DEN,0,0
2075,NWO-2018-01549-DEN,0,1
2076,SWG-2016-01065,0,1
2077,SAC-2017-01938,0,0
2078,SWG-2018-00613,0,1
2079,SAC-2017-00410,0,0
2080,MVP-2018-02324-MHK,0,0
2081,POA-1992-00674,0,1
2082,MVN-2015-01892-SY,0,0
2083,LRC-2016-00615,0,1
2084,SAW-2016-00020,0,1
2085,LRC-2015-00913,0,1
2086,LRE-1998-1020230,0,1
2087,SAS-2016-00778,0,0
2088,NAO-2015-00181-drc,0,0
2089,SWL-2017-00204,0,0
2090,SAC-2016-01759,0,1
2091,SAC-2019-01576,0,0
2092,LRC-2018-00172,0,0
2093,MVP-2016-04439-JMB,0,0
2094,LRH-2015-01016,0,0
2095,LRB-2016-00643,0,1
2096,LRE-2016-00983-171,0,1
2097,SAS-2016-00303,1,1
2098,MVK-2016-00526-CR,0,0
2099,NAO-2018-00766-rhs,0,1
2100,MVP-2002-04203-MJB,0,0
2101,SWG-2011-01169,1,1
2102,LRC-2018-00136,0,1
2103,MVP-2015-04021-ADB,0,0
2104,LRC-2016-00732,0,1
2105,SAM-2019-01082-JDC,0,0
2106,MVP-2016-04253-MLV,0,0
2107,SAS-2018-01030,0,1
2108,MVP-2018-03170-MHK,0,0
2109,SAC-2015-01556-4E,0,0
2110,NAO-2020-00424-rhs,0,1
2111,NWO-2016-02156-BIS,0,0
2112,MVP-2016-01224-MMJ,0,0
2113,NWS-2016-00975,0,1
2114,NAO-2017-02039,0,0
2115,SAC-2018-00866,0,0
2116,MVK-2018-00460-TB,0,0
2117,MVN-2015-01198-WKK,0,1
2118,NWK-2018-01514,0,0
2119,SWT-2017-00635,0,0
2120,SAW-2018-00493,0,0
2121,SAC-2020-00407,0,0
2122,MVK-2017-00524-TB,0,0
2123,LRB-2017-00543,0,0
2124,SAC-2015-01111-3JY,0,0
2125,SAW-2016-00297,1,1
2126,MVN-2016-00524-SA,0,1
2127,MVM-2016-00086-CDK,0,0
2128,SAW-2016-00459,0,0
2129,MVP-2015-03524-SRK,0,0
2130,MVP-2020-00158-RJH,0,0
2131,SAC-2018-00389,0,1
2132,SWG-2017-00218,0,0
2133,NWO-2020-00289-PIE,0,1
2134,SAC-2018-00211,0,0
2135,LRL-2018-00557,0,0
2136,MVP-2014-00041-WAB,1,1
2137,NAB-2015-00781-M21,0,1
2138,SAW-2015-02674,0,0
2139,SAM-2018-00364-JCC,0,0
2140,LRB-2016-00265,1,1
2141,MVP-2017-04020-TJH,0,0
2142,MVP-2018-02526-ANM,0,0
2143,SAW-2015-01549,0,1
2144,MVN-2019-01231-SR,0,1
2145,LRC-2017-00812,0,1
2146,LRH-2017-00368-SCR,0,0
2147,SAC-2019-00865,0,1
2148,SAJ-2018-01630-VEK,0,0
2149,SAS-2016-00240,0,0
2150,MVP-2015-03731-MHK,1,0
2151,MVP-2015-03945-JMB,0,0
2152,SAW-2019-01149,0,0
2153,MVN-2016-00107-ST,0,0
2154,SWG-2017-00533,0,0
2155,MVP-2016-02708-RMM,1,1
2156,LRL-2017-01179-SCM,0,0
2157,NAO-2016-01824,0,0
2158,MVP-2018-02453-AIS,0,0
2159,SAM-2019-00929-JLB,1,0
2160,NAO-2020-00375-rdb,0,0
2161,SAC-2019-00111,0,1
2162,NAO-2020-00186-tca,0,1
2163,LRL-2018-00093-sjk,0,1
2164,MVP-2019-01109-JRS,0,0
2165,MVK-2016-00606-TB,0,0
2166,SAC-2018-00965,0,1
2167,NWP-2017-00313,1,0
2168,LRC-2017-00533,0,1
2169,LRH-2015-00641-TUG,0,1
2170,SAC-2018-00884,0,1
2171,SAC-2016-00769,0,1
2172,MVM-2016-00270-jkb,0,0
2173,MVN-2016-00227-CQ,0,1
2174,LRC-2017-00371,0,1
2175,LRH-2016-00490-OLR,0,0
2176,MVP-2018-01091-MHK,0,0
2177,MVP-2016-00029-DWW,0,0
2178,SWT-2017-00653,0,0
2179,MVP-2017-00660-MHK,0,0
2180,MVP-2010-04294-LMG,0,0
2181,SAW-2015-01666,0,0
2182,SAW-2019-02238,0,1
2183,SAM-2018-00247-JCC,0,0
2184,SWG-2013-01068,0,1
2185,LRH-2014-00892-OHR,0,0
2186,NWO-2014-02734-PIE,0,0
2187,NAN-2017-00442-WOR,0,1
2188,MVR-2016-00242,0,0
2189,MVN-2015-01803-SQ,0,0
2190,SWG-2017-00731,0,0
2191,LRH-2020-00310-LMR,0,0
2192,LRC-2017-00407,0,1
2193,LRC-2015-00841,0,0
2194,NWO-2017-00760-BIS,0,0
2195,MVP-2018-00115-RJH,0,0
2196,MVN-2019-00957-SD,0,0
2197,NWO-2018-01470-PIE,0,0
2198,NWO-2012-01125-DEN,0,0
2199,LRN-2018-00483,0,0
2200,MVK-2017-00416-TB,0,0
2201,SAC-2017-00023,0,1
2202,NAN-2016-01268-ULA,0,1
2203,LRP-2016-01833,0,0
2204,SAW-2015-02269,0,1
2205,LRC-2015-00364,0,0
2206,LRL-2017-00336-mdh,0,0
2207,LRH-2016-00819-SCR,0,0
2208,SAM-2013-00917-JEB,0,1
2209,MVN-2018-00155-CO,1,1
2210,SAM-2020-00077-KMN,0,0
2211,NWK-2019-00217,0,0
2212,SAC-2016-00796,0,1
2213,NAO-2008-00270-tca,0,1
2214,MVN-2016-01037-CA,0,1
2215,LRL-2017-01036-LCL,0,0
2216,LRC-2016-00903,0,1
2217,MVN-2012-00341-WRR,1,1
2218,LRL-2019-00286,0,0
2219,MVN-2015-02095-CM,0,0
2220,SAW-2011-00052,0,1
2221,SWT-2017-00167,0,0
2222,NAB-2016-01290,0,0
2223,NWK-2017-00453,0,0
2224,SAW-2016-00783,0,1
2225,MVP-2017-03612-LMG,0,0
2226,LRH-2019-00937-WAL,0,0
2227,NAP-2017-00696-65,0,0
2228,NWO-2020-00838-BIS,0,0
2229,SWT-2017-00197-eaz,0,0
2230,SWG-2016-00066,1,1
2231,SAW-2019-00366,0,1
2232,NAO-2019-01809-rhs,0,0
2233,LRC-2009-00550,0,1
2234,MVK-2016-00831-TB,0,0
2235,MVK-2016-00060-LCM,0,0
2236,SAJ-2016-00465,0,1
2237,NAO-2015-01438,0,1
2238,SAW-2015-02548,1,0
2239,MVP-2019-00724-AIS,0,0
2240,NAN-2015-01425-WOR,0,1
2241,MVP-2017-02622-LMG,0,0
2242,MVP-2015-04235-MHK,0,0
2243,LRB-2004-01276,0,0
2244,SAM-2016-01496-JRO,1,1
2245,NAO-2017-00045-tca,0,0
2246,LRC-2017-00506,0,1
2247,SAC-2018-01748,0,0
2248,LRB-2016-00274,0,1
2249,SWG-2015-00404-RCC,1,1
2250,SAC-2015-01213,0,0
2251,MVK-2007-00672,0,0
2252,SAW-2018-01375,0,0
2253,SAW-2017-01673,0,1
2254,SAW-2006-32734,0,0
2255,SAM-2016-00529-NJW,0,0
2256,MVN-2015-02514-SA,0,1
2257,NAO-2006-07162,0,1
2258,SWG-2018-00082,0,1
2259,SAW-2019-00267,0,0
2260,SAM-2019-00441-ELB,0,0
2261,MVK-2016-00204-LCM,0,0
2262,MVR-2016-00215,0,1
2263,SAC-2015-01330,0,1
2264,SAW-2016-01935,1,1
2265,SAS-2016-01104,0,0
2266,MVP-2015-01049-MHK,0,0
2267,SAC-2018-00974,0,0
2268,POA-2016-00265,0,0
2269,MVK-2016-00355-CR,0,0
2270,NWS-2012-00054,0,1
2271,LRB-2016-00472,0,1
2272,LRE-2016-00334-102,0,1
2273,SAJ-2005-07235-JML,0,1
2274,MVM-2016-00085,0,0
2275,SAC-2015-00520,0,0
2276,NWO-2020-00343-DEN,0,0
2277,NWO-2019-00065-BIS,0,0
2278,SAC-2017-00957,0,0
2279,MVN-2016-00028-SB,0,1
2280,NWS-2019-00585,0,0
2281,MVR-2015-01521,0,1
2282,MVP-2012-02732,0,0
2283,SAC-2018-00659,0,0
2284,MVM-2016-00126-jkb,0,0
2285,SAC-2017-01929,0,1
2286,SWG-2016-00165,0,1
2287,SAC-2014-01070,0,1
2288,SAW-2017-01790,0,0
2289,MVP-2016-01535-MLV,0,0
2290,SWT-2016-00023-bmn,0,0
2291,POA-2016-00203,0,0
2292,SWG-2017-00757,0,1
2293,MVP-2015-04381-NTD,0,0
2294,NAO-2012-02438-rhs,0,1
2295,SWG-2018-00459,1,1
2296,LRH-2015-00713-SCR,0,1
2297,MVN-2018-00175-CE,0,1
2298,MVP-2018-00258-MMJ,0,0
2299,SAM-2019-01083-JLB,0,0
2300,NAO-2007-04702-rhs,0,1
2301,SAC-2018-00273,0,1
2302,POA-2019-00099,0,0
2303,SAC-2015-01185,0,1
2304,MVP-2018-03676-KJH,0,0
2305,SWL-2019-00327,1,0
2306,SAW-2015-02261,0,1
2307,MVP-2018-00150-BBY,0,0
2308,MVP-2016-01860-ARC,0,0
2309,NWK-2019-00846,0,0
2310,SAC-2019-01109,0,0
2311,SAC-2017-01705,0,0
2312,NWO-2020-00911-PIE,0,0
2313,MVK-2016-00118-AHG,0,0
2314,SAC-2017-00814,0,1
2315,LRC-2016-00857,0,1
2316,NWP-2019-00418,0,0
2317,LRL-2017-00693-LCL,0,0
2318,NWO-2018-01950,0,0
2319,LRH-2020-00373-WAB,0,0
2320,SAC-2018-00318,0,0
2321,SAW-2016-01117,0,0
2322,LRB-1990-97632,0,1
2323,SAW-2016-02008,0,1
2324,LRH-2016-00354-GMR,0,0
2325,MVN-2017-01494-MG,0,1
2326,LRC-2017-00676,0,0
2327,SAC-2018-00471,0,0
2328,LRH-2016-00582,0,1
2329,LRC-2017-00120,0,1
2330,SAC-2019-00173,0,1
2331,LRB-2015-01320,0,1
2332,NWO-2017-00399-BIS,0,0
2333,SAC-2003-34999,0,1
2334,SAW-2016-02404,0,1
2335,NWP-2014-00477,0,1
2336,SAC-2016-00226-4S,0,0
2337,NWO-2019-00527-MTB,0,0
2338,NAN-2017-00097-UDA,0,1
2339,MVK-2015-00769-CR,0,0
2340,LRN-2018-00977,0,0
2341,NAO-2016-01510,1,0
2342,SAW-2016-00127,0,1
2343,LRB-2016-01400,1,0
2344,SAC-2017-01408,0,0
2345,SWG-2017-00694,0,0
2346,MVK-2017-00982-TB,0,0
2347,NWS-2016-00085,0,1
2348,SAS-2016-00806,1,1
2349,NAO-2013-01007-jsh,0,0
2350,MVP-2017-02117-MJB,0,0
2351,NWP-2017-00357,0,0
2352,MVP-2019-00149-RJH,0,0
2353,SAW-2017-00063,0,1
2354,MVM-2016-00395-jkb,0,0
2355,MVP-2015-03517-NTD,0,0
2356,NAN-2016-01198-WOR,0,1
2357,NAN-2017-00882-WOR,0,1
2358,SAC-2015-01608,0,1
2359,SAC-2017-01723,0,0
2360,SWL-2019-00264,0,0
2361,LRH-2018-00152-SCR,0,0
2362,SAW-2016-00280,0,1
2363,LRL-2017-01180-SCM,0,0
2364,MVP-2017-03499-DJM,0,0
2365,MVP-2017-04424-TJH,1,0
2366,SAW-2006-00470,0,1
2367,LRN-2017-00206,0,1
2368,POA-2020-00154,0,0
2369,SAW-2017-02520,0,0
2370,SAW-2019-01033,0,0
2371,MVN-2017-01132-EMM,1,1
2372,SAM-2016-00242-NJW,0,0
2373,MVN-2016-01291-SG,0,0
2374,MVK-2016-00686-TB,0,0
2375,SAW-2016-01216,0,1
2376,MVK-2018-00784-CR,0,0
2377,SWL-2016-00087,1,1
2378,NAO-2010-02560,0,1
2379,SAW-2015-02162,0,1
2380,SWT-2015-00412-mw,0,1
2381,SAM-2015-00978-JSC,0,1
2382,NAN-2015-01467-UDA,0,0
2383,NWO-2012-02503-BIS,0,0
2384,SAM-2017-00425-JRO,0,0
2385,SAS-2019-00425,0,0
2386,SAC-2016-01427,0,1
2387,LRN-2018-00061,0,1
2388,LRL-2019-00754-LCL,0,0
2389,SAW-2006-41798-010,0,1
2390,SWG-2017-00210,1,1
2391,NWS-2009-00605,0,1
2392,SAC-2017-00508,0,0
2393,LRB-2016-00500,0,1
2394,LRH-2018-00046-GMR,1,0
2395,SAW-2012-00437,0,0
2396,SAW-2008-00540,0,1
2397,NWO-2019-00116-MTH,0,0
2398,SWG-2017-00685,0,0
2399,NWO-2019-00249-RWY,0,0
2400,SAC-2018-01731,0,0
2401,MVN-2016-01013-CO,0,1
2402,NAO-2016-01420,0,0
2403,MVP-2016-03981-MHK,1,0
2404,SAC-2018-00606,0,1
2405,MVK-2016-00400-TB,0,0
2406,SWG-2019-00728,0,0
2407,MVM-2016-00141-CDK,0,0
2408,LRC-2018-00189,0,0
2409,LRB-2013-00206,0,1
2410,MVK-2016-00939-CR,0,0
2411,LRH-2018-00224-SCR,0,0
2412,SAC-2019-00065,0,0
2413,NAN-2017-01083-WST,0,0
2414,SAC-2018-01092,0,0
2415,LRC-2020-00207,0,0
2416,SAC-2016-00248,0,0
2417,NAO-2018-00885,0,1
2418,NAO-2017-00285-SAF,0,0
2419,MVP-2017-01358-BJG,0,0
2420,SWG-2016-00112,0,1
2421,MVP-2018-03483-JLK,0,0
2422,LRC-2016-00749,0,1
2423,SAC-2019-00821,0,1
2424,SWG-2015-00687,1,1
2425,SAW-2015-02234,0,1
2426,SAW-2015-02153,0,1
2427,SAM-2018-00208-GAC,0,0
2428,MVN-2017-00255-SG,0,0
2429,NAO-2013-00808-rhs,0,1
2430,LRB-2016-00221,0,1
2431,NAO-2017-00033,1,1
2432,SAC-2017-00229,0,0
2433,SWT-2016-00070,0,1
2434,SWG-2017-00487,0,1
2435,SAC-2018-00804,0,0
2436,SAC-2016-00365,0,1
2437,SAC-2017-01831,0,0
2438,LRL-2019-00907-LCL,0,0
2439,LRC-2020-00081,0,1
2440,LRH-2016-00071-KAN,0,1
2441,SAC-2018-00228,0,1
2442,SAM-2016-01347-APW,0,0
2443,POH-2014-00153-KMB,1,0
2444,MVN-2018-01277-SQ,0,1
2445,NWS-2017-00831,0,0
2446,POA-2016-00311,1,1
2447,SWG-2018-00729,0,1
2448,SAC-2016-01472,0,1
2449,MVP-2018-00254-BGO,0,0
2450,SAW-2017-01125,1,1
2451,NAO-2020-00657-rhs,0,1
2452,NWK-2014-00061,0,1
2453,NAO-2017-00015,0,0
2454,SAW-2016-00532,0,1
2455,POA-2005-01967,0,0
2456,NAO-2017-02069-tca,0,0
2457,NWP-2017-00285,0,0
2458,SAC-2019-00245,0,0
2459,NWO-2019-01002-BIS,0,0
2460,MVN-2014-01424-SK,0,0
2461,NAO-2020-00297-rhs,1,0
2462,NAP-2016-00487-51,0,1
2463,SAW-2012-00653,0,1
2464,MVM-2016-00381-jme,0,0
2465,SAW-2016-00091,0,1
2466,LRH-2018-00181-GMR,0,0
2467,NWK-2016-01668,0,0
2468,SAC-2020-00120,0,1
2469,NAO-2005-04759,0,0
2470,SWL-2019-00237,1,0
2471,LRC-2020-00027,0,1
2472,LRL-2019-01096-LCL,0,0
2473,MVP-2008-01643-AJK,0,0
2474,NWK-2017-01685,0,0
2475,LRH-2017-00024-LMR,0,1
2476,SAW-2018-01025,0,1
2477,MVN-2020-00044-SQ,1,1
2478,SAC-2017-00409,0,0
2479,SAC-2018-01470,0,0
2480,SAC-2010-00668,0,1
2481,SAC-2017-00328,0,0
2482,SAM-2018-00361-JEB,0,0
2483,NAO-2016-01855-rhs,0,1
2484,SAW-1999-01606,0,0
2485,NWK-2018-01314,0,0
2486,MVR-2016-01405-JRS,0,0
2487,NWO-2015-02173-BIS,0,0
2488,SAC-2016-01838,0,0
2489,MVP-2016-03602-EMN,0,0
2490,SAC-2019-01817,0,1
2491,SAC-2019-00764,0,1
2492,SAC-2018-00828,0,0
2493,NAO-2019-00334,0,1
2494,MVN-2017-00175-EMM,0,1
2495,NAO-2019-00466-rhs,0,0
2496,NWP-2016-00312,0,0
2497,MVN-2020-00201-SL,0,0
2498,LRH-2015-00376-OHR,0,0
2499,LRH-2016-00808-SCR,0,0
2500,MVP-2016-01862-PRH,0,0
2501,MVK-2015-00786-LCM,0,0
2502,SAM-2020-00066-KMN,0,0
2503,SAW-2015-02573,0,0
2504,POA-2004-01553,0,0
2505,SWG-2018-00888,0,0
2506,NWK-2016-01073,0,0
2507,SAS-2017-00120,0,0
2508,POA-2017-00172,0,0
2509,LRL-2019-00330-LCL,0,0
2510,SAC-2017-01657,0,1
2511,SAW-2017-01842,0,1
2512,SWL-2017-00400,0,0
2513,SAC-2020-00405,0,0
2514,MVK-2016-00082-TB,0,0
2515,LRC-2016-00172,0,1
2516,MVK-2016-00406-TB,0,0
2517,MVM-2016-00331-jkb,0,0
2518,LRH-2009-00221-LBC,0,1
2519,SAC-2018-00864,0,0
2520,LRE-2017-01002-16,0,1
2521,MVK-2017-00082-CR,0,0
2522,SAW-2016-00934,1,1
2523,MVN-2016-01071-SA,1,1
2524,MVK-2016-00211-LCM,1,0
2525,NWO-2018-01979-PIE,0,1
2526,MVP-2015-03801-LMG,0,0
2527,SAW-2016-00853,0,0
2528,LRB-2017-01117,0,0
2529,NWO-2019-01125-PIE,0,1
2530,SAW-2015-01169,0,1
2531,LRC-2017-00810,0,0
2532,MVN-2015-02034-SB,0,1
2533,NAO-2003-00205-rhs,0,1
2534,SWG-2017-00531,0,0
2535,NWO-2020-00611-DEN,0,0
2536,SAW-2014-01764,0,1
2537,SAC-2019-00548,0,0
2538,SWG-2015-00731,1,1
2539,LRC-2017-00333,0,0
2540,SAW-2016-01483,0,1
2541,SAC-2018-00684,0,1
2542,SWG-2016-00190,0,1
2543,SAW-2005-00567,0,1
2544,MVP-2017-01354-BBY,0,0
2545,MVN-2017-00032-WPP,0,1
2546,SAW-2016-01564,0,1
2547,MVP-2019-01586-RJH,0,0
2548,SAM-2016-00678-APW,0,0
2549,LRB-2009-00630,0,0
2550,SAC-2019-00188,0,0
2551,SAW-2017-01860,0,1
2552,NWO-2019-01701-PIE,0,1
2553,SAC-2017-00865,0,0
2554,NAE-2014-00207,0,1
2555,NAB-2014-61839-M34,0,1
2556,POH-2016-00040,1,0
2557,LRC-2015-00812,0,0
2558,SWT-2018-00272,0,1
2559,NWS-2016-00676,0,1
2560,MVP-2016-00489-RMG,0,1
2561,SAW-2005-30087,0,1
2562,SAC-2019-00908,0,0
2563,LRN-2020-00310,0,0
2564,NAB-2013-01318-M24,0,1
2565,MVP-2018-01549-EJW,0,0
2566,SAW-2018-00356,0,1
2567,MVM-2015-00413-jkb,0,0
2568,NAO-2018-01028,1,1
2569,MVK-2017-00759-JLD,0,0
2570,SWG-2016-00631,0,0
2571,MVP-2017-02752-PRH,0,0
2572,SAW-2018-00518,0,0
2573,MVN-2018-00737-SG,1,0
2574,SAW-1998-00590,0,0
2575,LRE-2015-01079-38,0,1
2576,NAO-2018-00056,0,0
2577,MVK-2016-00641-CR,0,0
2578,MVP-2016-03552-RMM,0,0
2579,SPL-2014-00608-MBT,0,1
2580,SAJ-2015-03746-SCW,0,0
2581,POA-2017-00118,0,0
2582,MVP-2016-03651-ANM,0,0
2583,MVK-2017-00522-TB,0,0
2584,SAC-2008-00559,0,1
2585,LRL-2018-00069,0,0
2586,NWP-2017-00500,1,0
2587,SAC-2017-00739,0,1
2588,LRH-2017-00591-SCR,1,0
2589,SAC-2016-00484-4S,0,0
2590,SWG-2016-00820,1,1
2591,SAW-2015-01457,0,1
2592,LRC-2016-00307,0,0
2593,NWK-2019-00530,0,0
2594,SAW-2017-02067,0,1
2595,SWG-2016-00424,0,0
2596,LRL-2018-01090-sjk,0,1
2597,LRB-2015-00714,0,1
2598,LRC-2017-00162,0,1
2599,LRE-2008-00223-102,0,1
2600,SAW-2015-02663,0,1
2601,SWG-2017-00207,1,1
2602,LRL-2019-01034-htm,0,0
2603,NWO-2007-00039-BIS,0,0
2604,MVP-2016-00038-MHK,1,0
2605,MVN-2018-00031-ST,0,0
2606,POA-1993-00347,0,0
2607,SAW-2019-00526,0,1
2608,SAW-2012-01595,0,1
2609,LRE-2018-00985-102,0,1
2610,SAW-2017-02580,0,0
2611,NWK-2017-00217,0,0
2612,MVP-2017-01606-KJH,0,0
2613,SAW-2009-01805,0,1
2614,SAC-2017-00300,0,0
2615,SAW-2016-00943,0,1
2616,SAC-2017-01189,0,0
2617,SAM-2015-01327-JEB,0,0
2618,SAC-2016-00758,0,0
2619,NAB-2018-00623-M30,0,0
2620,LRB-2015-00750,1,1
2621,NAO-2005-03129,0,0
2622,MVM-2018-00370-CDK,0,0
2623,MVK-2017-00270-TB,0,0
2624,MVR-2016-00224-ajf,1,1
2625,SAW-2016-00862,0,1
2626,SWG-2012-00527,0,1
2627,SAC-2019-01925,0,1
2628,MVM-2020-00097,0,0
2629,MVP-2015-04206-LMG,1,1
2630,SWG-2015-00182,1,1
2631,POA-2019-00440,0,0
2632,NAO-2020-00594,0,0
2633,SAC-2018-01269,0,1
2634,SAW-2015-02366,0,1
2635,NWO-2016-02145-BIS,0,0
2636,NAO-2017-01371,0,0
2637,LRN-2018-00580,0,0
2638,SAS-2020-00225,0,0
2639,LRC-2015-00623,0,0
2640,SAC-2020-00153,0,0
2641,SAC-2017-01729,0,0
2642,NAN-2015-01423-WOR,0,1
2643,MVP-2016-00671-KJH,0,0
2644,MVP-2020-00912-SJW,0,0
2645,LRH-2017-00456-SCR,0,0
2646,SAC-2019-01448,0,0
2647,SWG-2017-00306,0,0
2648,MVP-2017-02583-DAS,0,0
2649,SAC-2018-01746,0,1
2650,SAW-2005-00020,0,1
2651,LRN-2020-00040,0,0
2652,MVM-2018-00081,0,0
2653,SWG-2017-00225,0,1
2654,MVP-2020-00334-ARC,0,0
2655,MVK-2016-00550-TB,0,0
2656,MVK-2016-00772-AHG,0,0
2657,MVN-2018-00929-ST,0,0
2658,LRN-2017-00725,0,0
2659,LRE-2016-00475-56,0,1
2660,SWG-2016-00082,1,1
2661,MVM-2016-00164-RDM,0,0
2662,SWG-2016-00406,0,0
2663,SAC-2018-00101,0,0
2664,SAW-2015-02483,0,1
2665,SAW-2017-01158,0,0
2666,MVP-2017-01836-KAL,0,0
2667,SAM-2019-00977-CMS,0,1
2668,NAB-2017-00037-P02,0,1
2669,LRB-2015-01182,0,0
2670,MVP-2015-03702-MHK,1,0
2671,LRC-2017-00225,0,0
2672,MVP-2011-02553-JLK,0,0
2673,MVN-2007-03507-SK,0,1
2674,LRL-2016-00595-sam,0,0
2675,NWO-2013-02152-MTB,0,0
2676,MVN-2016-00662-WLL,1,1
2677,NAO-2019-00721,0,0
2678,NWK-2016-00056,0,0
2679,MVN-2015-00820-SQ,1,1
2680,LRN-2019-00327,0,0
2681,SAC-2019-01727,0,0
2682,SAM-2017-00441-JRO,0,0
2683,MVN-2018-01413-SG,0,0
2684,SAW-2016-02123,0,0
2685,SAW-2019-00876,0,0
2686,LRB-2017-00981,0,0
2687,MVP-2017-01737-MHK,0,0
2688,LRH-2011-00808-GUY,0,1
2689,SAC-2018-00514,0,0
2690,MVN-2019-00699-SG,0,0
2691,MVK-2016-00350-AHG,0,0
2692,SWG-2018-00376,0,0
2693,MVK-2016-00116-AHG,0,0
2694,MVP-2016-02756-MLV,0,0
2695,NWO-2016-02279-BIS,0,0
2696,LRL-2015-00995-pjl,0,0
2697,LRN-2018-00876,0,0
2698,MVP-2019-00048-RJH,0,0
2699,SWL-2015-00167,0,1
2700,SAW-2018-02004,0,0
2701,MVN-2016-01451-SG,0,0
2702,SAW-2015-00799,1,1
2703,MVP-2017-02924-MMW,0,0
2704,SAW-2018-00778,0,1
2705,MVP-2019-02055-MMJ,0,0
2706,SWG-2016-00891,1,1
2707,MVN-2016-01330-SK,0,1
2708,SAS-1991-00683,0,0
2709,NWW-2015-00521-B01,0,1
2710,SAC-2011-00971,0,0
2711,NAO-2007-02405-rhs,0,1
2712,LRC-2020-00151,0,1
2713,NAO-2017-02198,0,0
2714,SAC-2018-01522,0,0
2715,MVN-2019-00883-SL,1,1
2716,SAC-2019-01224,0,0
2717,MVK-2016-00486-TB,0,0
2718,MVP-2018-01259-JTB,0,0
2719,SAC-2010-00639,0,1
2720,LRE-2017-00645-102,0,1
2721,MVP-2016-03401-OMO,0,0
2722,SAW-2016-01115,0,0
2723,LRC-2017-00359,0,1
2724,MVP-2018-02420-JMB,0,0
2725,MVP-2015-00667-JLK,0,0
2726,SWG-2016-00378,0,0
2727,SAJ-2015-02938,1,1
2728,LRB-2014-00966,0,1
2729,NWO-2017-01369-BIS,0,0
2730,MVN-2019-00623-ST,1,1
2731,SAW-2016-01968,0,1
2732,SAC-2015-01363,0,0
2733,NAO-2011-01686-tca,0,0
2734,MVK-2017-00089-TB,0,0
2735,SAC-2018-00451,0,1
2736,SAW-2017-02399,0,0
2737,MVP-2019-00328,0,0
2738,LRC-2019-00852,0,0
2739,MVK-2016-00023,0,0
2740,SAW-2016-00440,0,1
2741,SAC-2019-00072,0,1
2742,MVM-2015-00457-jkb,0,0
2743,MVN-2016-00035-SJ,0,0
2744,SAM-2018-01067-LET,0,0
2745,SAM-2019-00890-JDC,0,0
2746,SWL-2016-00283,0,1
2747,NAN-2016-00548-WOR,0,1
2748,SWG-2016-00279,0,0
2749,SAC-2016-01623,0,0
2750,MVN-1998-03436,1,1
2751,SAC-2018-01027,0,0
2752,LRC-2017-00890,0,1
2753,NAN-2016-01127-UDE,0,1
2754,SAC-2020-00629,0,0
2755,MVP-2016-03910-TJH,0,0
2756,SAC-2016-00651,1,0
2757,MVP-2019-00309-RJH,0,0
2758,NAO-2016-01546-tca,0,1
2759,LRB-2017-01100,0,0
2760,MVN-2016-00849-CM,0,1
2761,SAC-2018-01108,0,0
2762,MVP-2016-01126-MJB,0,0
2763,LRL-2016-00441,0,0
2764,MVK-2016-00864-TB,0,0
2765,MVP-2016-02209-NTD,0,0
2766,NAO-2015-01727-tca,0,0
2767,MVM-2015-00410-CDK,1,0
2768,SAM-2015-01286-LET,0,0
2769,SAC-2016-00291,0,0
2770,SAC-2019-01161,0,0
2771,MVP-2016-03548-MLV,0,0
2772,LRN-2015-00404,0,1
2773,MVK-2016-00828-TB,0,0
2774,MVN-2016-00197-SQ,0,0
2775,SAC-2017-01208,0,1
2776,LRL-2018-00177-LCL,0,0
2777,NWP-2017-00238,0,0
2778,SWG-2008-01079,0,1
2779,SAC-2020-00584,0,0
2780,SWG-2016-00396,1,1
2781,LRH-2019-01022-SCR,0,0
2782,SWG-1994-00839,0,0
2783,SAW-2017-01499,0,0
2784,MVN-2012-00497-SR,0,0
2785,MVN-2015-02472-ST,0,0
2786,NWK-2018-00278,0,0
2787,SAC-2017-00029,0,0
2788,SAJ-2016-00834-JLC,0,1
2789,SAC-2017-00740,0,0
2790,MVN-2019-01343-ST,0,0
2791,MVP-2017-00303-RMM,0,0
2792,MVP-2017-02559-BBY,0,0
2793,MVP-2016-02939-RMM,0,0
2794,SAC-2017-01550,0,0
2795,SAW-2018-00868,0,1
2796,LRB-1999-01528,0,1
2797,SAC-2017-01316,1,1
2798,SAC-2016-01290,0,0
2799,NWO-2016-00680-WEH,0,0
2800,MVP-2016-02625-SJW,0,0
2801,SAM-2015-01130-JEB,0,1
2802,MVN-2016-00574-SR,0,1
2803,MVP-2016-03066-JRH,0,0
2804,NAE-2015-00817,0,0
2805,SAM-2018-00676-JCC,0,0
2806,LRC-2008-00098,0,0
2807,SAW-2015-02034,0,1
2808,MVP-2018-02967-KDZ,0,0
2809,SWG-2011-00689,0,0
2810,MVK-2015-00841-LCM,1,0
2811,SWG-2017-00485,0,1
2812,POA-2016-00487,0,0
2813,MVP-2017-01413-MJB,0,0
2814,LRB-2007-01594,0,1
2815,LRL-2015-00532,0,1
2816,MVK-2016-00738-TB,0,0
2817,LRL-2018-00581-MKD,1,0
2818,SAC-2014-00482,0,0
2819,SAC-2014-01373,0,1
2820,MVN-2014-02653-ST,1,1
2821,MVP-2017-00657-MHK,0,0
2822,MVP-2011-04977-BBY,0,0
2823,NAP-2012-00392-76,0,0
2824,MVP-2017-00819-MHK,0,0
2825,LRL-2018-00819-jlb,0,0
2826,LRB-2015-00839,0,1
2827,MVK-2017-00101-CR,1,0
2828,NAP-2016-00165-65,0,0
2829,MVP-2019-02193-JLK,0,0
2830,SAC-2017-00920,0,0
2831,SAC-2019-01215,0,0
2832,MVP-2020-00099-AJK,0,0
2833,NAE-2016-00933,1,1
2834,MVN-2017-01408-ST,1,0
2835,LRC-2020-00223,0,1
2836,SWG-2016-00684,0,1
2837,SAC-2019-00799,0,1
2838,SAC-2019-00243,0,0
2839,SAC-2017-00999,0,1
2840,SAS-2008-01253,0,0
2841,MVN-2016-00728-SQ,1,0
2842,NAP-2016-00561-65,0,0
2843,MVN-2017-00196-SA,1,0
2844,SWG-2015-00748,1,0
2845,SWG-2019-00229-RC,1,0
2846,NAO-2017-00333-tmm,0,1
2847,NWO-2013-02489-BIS,0,0
2848,SAW-2015-02214,0,1
2849,SAW-2018-00967,0,1
2850,SAC-2018-00064,0,0
2851,MVM-2017-00021-CDK,0,0
2852,MVP-2018-02236-RJH,0,0
2853,LRN-2015-01223,0,0
2854,NAO-2017-00087-tca,0,0
2855,POA-2009-00953,0,1
2856,LRP-2017-00310,0,0
2857,SAC-2019-01969,0,0
2858,SWG-2016-00148-RCC,0,1
2859,NAN-2016-01653-UDA,0,1
2860,SAC-2017-01217,0,0
2861,LRH-2016-00454,0,0
2862,MVN-2018-00786-SK,0,0
2863,SAW-2018-01975,1,1
2864,LRB-2012-00241,0,1
2865,NWP-2016-00545,1,1
2866,MVK-2016-00892-CR,0,0
2867,NWO-2020-00423-PIE,0,1
2868,MVP-2020-00177-MJB,0,0
2869,MVK-2016-00165-LCM,1,0
2870,LRL-2018-00052,0,0
2871,SWG-2016-00011,0,0
2872,MVP-2015-03947-BBY,0,0
2873,NAN-2016-00599-ULA,0,1
2874,NAE-2015-01762,0,0
2875,SAC-2019-00768,0,0
2876,NWP-2017-00090,0,1
2877,NAB-2015-01527-M33,1,1
2878,LRC-2018-00417,0,1
2879,SAW-2014-01588,0,1
2880,MVP-2015-04485-DJM,1,1
2881,NWO-2020-00786-BIS,0,0
2882,MVK-2017-00661-TB,0,0
2883,NAO-2017-00812-tca,0,1
2884,SWL-2017-00044,0,0
2885,MVP-2016-01791-BBY,0,0
2886,MVN-2020-00570-SG,1,0
2887,NAO-2017-01568-arl,0,1
2888,MVK-2019-00753-AEL,0,0
2889,SAM-2019-00272-CMS,0,0
2890,MVP-2019-02101-BGO,0,0
2891,NAB-2017-00607-M24,0,1
2892,LRE-2018-00767-117,0,0
2893,MVP-2017-01259-BBY,0,0
2894,SAW-2018-00936,0,1
2895,SWL-2016-00108,0,0
2896,MVP-2016-01284-LMG,0,0
2897,MVK-2017-00427-TB,0,0
2898,SWL-2018-00061,0,1
2899,MVP-2017-01992-MJB,0,0
2900,NAE-2016-02126,0,1
2901,MVP-2006-03158-MLV,0,0
2902,SAW-2015-01211,0,0
2903,SAC-2018-00114,0,0
2904,SAC-2015-01026,0,0
2905,NWP-2016-00316,0,1
2906,LRB-2016-00249,0,1
2907,MVN-2017-00101-SK,1,1
2908,SAW-2019-01286,0,1
2909,NWP-2017-00018,0,1
2910,MVN-2016-00408-SR,0,1
2911,SWG-2016-00117-RCC,0,1
2912,SWG-2017-00553,0,0
2913,LRN-2017-00891,0,0
2914,MVM-2015-00358-RDM,0,0
2915,SAW-2015-02298,0,1
2916,MVN-2020-00276-ST,0,0
2917,SAC-2020-00409,1,1
2918,MVP-2017-01066-RAN,0,0
2919,MVN-2015-01795-SY,0,0
2920,SAC-2015-01113-3JY,0,1
2921,MVP-2019-00302-WMS,0,0
2922,LRE-2019-00289-171,0,0
2923,LRC-2016-00572,0,1
2924,SWT-2016-00539,0,1
2925,SWG-2017-00157,0,0
2926,MVP-2015-04519-AIS,0,0
2927,LRB-2016-01176,0,0
2928,SWL-2019-00204,0,0
2929,MVN-2015-02308-SR,0,0
2930,POA-2019-00516,0,0
2931,SAW-2015-02199,0,1
2932,MVK-2018-00445-CR,1,0
2933,LRL-2014-00513-sam,0,0
2934,SAC-2017-00115,0,0
2935,LRP-2018-01248,0,1
2936,MVK-2015-00709-CR,0,1
2937,SAC-2015-00994-3JY,0,1
2938,SAC-2019-01596,0,0
2939,NWO-2019-00889-RWY,0,0
2940,SAM-2018-01164-CMS,0,0
2941,MVP-2017-03910-JLK,0,0
2942,MVN-2018-00975-SG,0,0
2943,NWS-2016-00878,1,1
2944,SAC-2017-01402,0,0
2945,SAW-2019-02438,1,0
2946,MVK-2017-00428-CR,0,0
2947,SAW-2019-01466,0,0
2948,MVP-2017-03007-MMJ,0,0
2949,MVP-2017-02994-TJH,0,0
2950,NWK-2017-00860,0,0
2951,SAC-2016-01896,0,1
2952,SWG-2017-00490,1,1
2953,POA-2009-00067,0,0
2954,LRL-2019-00135-MKD,0,0
2955,NWO-2020-00287-RWY,0,0
2956,SWG-2016-00077,0,0
2957,SAM-2004-01547,0,0
2958,POA-2003-01477,0,0
2959,SWG-2020-00289,0,0
2960,MVP-2014-00226-WMS,0,0
2961,LRH-2017-00519-TUS,0,0
2962,SWG-2017-00094,0,1
2963,POA-2019-00237,0,0
2964,NWO-2020-00212-BIS,0,0
2965,LRC-2016-00590,0,1
2966,SAC-2017-01994,0,0
2967,MVK-2016-00860-TB,0,0
2968,NWO-2016-01681-BIS,0,0
2969,NAO-2017-02171-tca,0,0
2970,LRC-2016-00833,0,1
2971,SWT-2018-00591,0,0
2972,SWG-2006-02562,1,0
2973,MVM-2018-00086-jfb,0,0
2974,MVN-2016-01014-WJJ,1,1
2975,MVN-2015-01500-SY,0,1
2976,NAO-2018-01400-rhs,0,0
2977,MVP-2016-02973-PRH,0,0
2978,SAS-2004-12800,0,0
2979,LRC-2019-01019,0,1
2980,LRE-2017-00371-102,0,0
2981,SWG-2016-00743,1,1
2982,MVP-2016-03903-MHK,0,0
2983,LRL-2018-00946,0,0
2984,SAM-2020-00518-JLB,0,0
2985,MVP-2017-03985-KBH,0,0
2986,MVK-2015-00951-TB,0,0
2987,LRC-2016-00383,0,0
2988,SWG-2017-00049,1,1
2989,LRB-2015-00637,0,0
2990,MVK-2017-00176-CR,0,0
2991,SWG-2016-00185,1,1
2992,NWO-2016-01393-BIS,0,0
2993,LRB-2016-00177,0,1
2994,SWG-2016-00509,1,1
2995,SAW-2015-02667,0,1
2996,MVP-2016-00778-MJB,0,0
2997,MVK-2016-00734-TB,0,0
2998,SWL-2015-00334,0,0
2999,SAW-2008-02791,0,1
3000,SWG-2017-00724,0,1
3001,LRL-2019-00444-sea,0,0
3002,SAC-2017-00698,0,1
3003,LRB-2015-00439,0,1
3004,MVK-2017-00157-TB,0,0
3005,SWG-2017-00562,0,0
3006,LRC-2016-00428,0,1
3007,POA-2017-00185,0,1
3008,MVK-2017-00770-CR,0,0
3009,SWG-2016-00941,0,0
3010,LRC-2009-00552,0,1
3011,NWS-2015-01061,1,1
3012,SAC-2016-01016,0,1
3013,NAB-2015-61886-M35,1,1
3014,SWG-2016-00383,0,0
3015,MVN-2018-00136-SR,0,0
3016,MVK-2016-00834-CR,0,0
3017,MVP-2017-00821-BJG,0,0
3018,LRL-2019-00346-sjk,0,0
3019,LRC-2016-00824,0,0
3020,POH-2017-00052,0,0
3021,SAW-2016-01120,0,1
3022,MVN-2006-03093,0,0
3023,POA-2015-00628,0,0
3024,SWG-2018-00084,0,1
3025,NAP-2016-01016-65,0,0
3026,NAN-2017-00343-UDA,0,1
3027,NAO-2016-01236-tca,0,1
3028,LRL-2017-00938-SCM,0,0
3029,MVP-2019-00619-ANM,0,0
3030,MVK-2016-00518-TB,1,0
3031,SAW-2017-01675,1,1
3032,SAW-2018-01377,0,1
3033,MVP-2016-01517-RAN,0,1
3034,MVN-2016-00850-SA,0,0
3035,MVN-2011-00594-SA,1,1
3036,NWO-2019-01789-RWY,0,0
3037,LRE-2007-00022-146,0,1
3038,NAO-2009-02888-tca,0,1
3039,MVK-2017-00058-TB,0,0
3040,LRB-2016-00915,0,1
3041,NAP-2013-00452-74,0,1
3042,NAO-2017-00169,0,1
3043,MVN-2015-02282-SQ,0,1
3044,SAW-2019-00665,0,0
3045,SAC-2018-00778,0,0
3046,SAM-2016-00728-JSC,0,0
3047,SAW-2019-00827,0,0
3048,SWG-2015-00744,0,0
3049,NWP-2020-00078,0,0
3050,SWT-2015-00747,0,0
3051,LRE-2018-00719-156,0,1
3052,MVN-2015-01724-SA,1,1
3053,NAO-2017-02051-nla,0,1
3054,LRB-2016-00276,1,0
3055,NAO-2016-00599-rhs,0,1
3056,SWG-1994-02068,0,1
3057,MVP-2016-01143-TJH,0,0
3058,SWG-2017-00742,1,1
3059,SAW-2019-02087,0,0
3060,SWG-2016-00144-RCC,0,1
3061,LRL-2019-00945,0,0
3062,MVK-2017-00337-TB,0,0
3063,SAC-2016-01430,0,0
3064,SAW-2019-01277,0,1
3065,SAW-2017-01873,0,0
3066,NWO-2019-01633-PIE,0,0
3067,SAW-2016-00013,0,0
3068,SAM-2015-01383-AKG,0,0
3069,SAW-2017-01639,0,0
3070,POA-2013-00288,0,0
3071,MVP-2016-00339-MHK,0,0
3072,SAW-2016-01937,1,1
3073,LRL-2018-00182-LCL,0,0
3074,LRL-2015-00787,0,0
3075,SAC-2011-00841,0,1
3076,MVP-2018-01722-JLK,0,0
3077,LRH-2015-00910,0,0
3078,LRL-2019-01092-htm,0,0
3079,MVP-2012-05743-MHK,0,0
3080,SWG-2016-00644,1,1
3081,SAC-2018-00518,0,0
3082,SAM-2015-01266-JMT,0,1
3083,POA-2015-00107,1,1
3084,SAW-2017-01019,0,0
3085,SWL-2019-00086,0,0
3086,SAC-2016-00079,0,0
3087,SWG-2019-00478,0,0
3088,SAW-2015-02425,1,1
3089,SAW-2018-00460,0,0
3090,SAC-2017-01626,0,0
3091,MVN-2019-01074-SG,1,0
3092,NAN-2017-01475-EMI,1,0
3093,NWK-2019-00848,0,0
3094,MVK-2015-00788-TB,0,0
3095,NAO-2020-01026-tca,0,0
3096,SWG-2016-00895,0,0
3097,MVP-2017-02013-JTB,1,0
3098,MVP-2016-04151-RMM,0,0
3099,LRC-2018-00497,0,1
3100,SAW-2016-00822,0,0
3101,NWO-2019-00041-PIE,0,0
3102,SAW-2017-01172,0,1
3103,MVN-2016-00453-SJ,1,1
3104,MVN-2017-00489,0,1
3105,SWT-2019-00402,0,0
3106,MVP-2016-03436-WMS,1,1
3107,SAW-2015-01651,1,1
3108,MVP-2015-04749-JTB,0,0
3109,MVN-2018-00739-SQ,0,1
3110,SAC-2015-00737,0,1
3111,LRC-2016-00895,0,1
3112,SAC-2018-01445,0,0
3113,NAN-2016-01626-UDE,0,1
3114,SAJ-2015-00873-RWR,0,0
3115,SAS-2009-01364,0,0
3116,LRH-2016-00952-WAL,0,0
3117,SAC-2017-01662,0,1
3118,SAC-2018-01526,0,0
3119,SAW-2015-02623,1,1
3120,LRL-2017-00857-LCL,0,0
3121,MVP-2017-03685-LMG,0,0
3122,SWG-2018-00659,0,0
3123,MVK-2017-00908-JLD,0,0
3124,SWG-2017-00401,1,1
3125,MVR-2017-00470-KLB,0,0
3126,LRL-2016-00931-SCM,0,1
3127,NAO-2017-01990-drb,0,0
3128,NAN-2015-01459-WCA,0,1
3129,MVN-2016-01019-SK,0,1
3130,MVP-2014-03949-LMG,0,0
3131,LRC-2015-00959,0,1
3132,MVN-2019-00447-ST,0,0
3133,SAC-2017-00294,0,0
3134,LRC-2016-00499,0,1
3135,SWL-2018-00348,0,0
3136,NAP-2014-01020-64,0,1
3137,SAW-2015-00742,0,1
3138,SAC-2019-01840,1,1
3139,MVK-2016-00589-TB,0,0
3140,MVK-2016-00372-AHG,0,0
3141,MVP-2011-00735-KJH,0,0
3142,MVN-2018-01127-SY,1,1
3143,MVK-2017-00131-TB,0,0
3144,SAC-2018-00932,0,1
3145,SAC-2016-01546,0,1
3146,MVP-2019-01570-WMS,0,0
3147,NWO-2019-00309-DEN,0,0
3148,LRE-2017-00902-146,0,0
3149,NAO-2017-00627-sbg,0,1
3150,SAW-2003-00457,0,1
3151,SAW-2016-02541,0,1
3152,MVP-2017-02301-LMG,0,0
3153,SAW-2009-01063,0,1
3154,MVR-2015-01292-JCK,0,1
3155,NAO-2016-02160,0,0
3156,LRC-2020-00371,0,0
3157,MVK-2017-00050-TB,0,0
3158,SWG-2019-00694,0,0
3159,SAW-2015-02560,1,1
3160,SAM-2019-00955-ELB,0,0
3161,SAC-2019-01165,0,0
3162,SAC-2016-00295,0,1
3163,MVN-2016-01568-SB,0,0
3164,SAW-2015-01750,1,1
3165,LRC-2017-00302,0,1
3166,NWO-2019-01608-WEH,0,0
3167,NAB-2019-00024-M30,0,0
3168,MVN-2018-00367-ST,0,0
3169,LRC-2017-00858,0,0
3170,LRL-2020-00352-LCL,0,0
3171,SAW-2015-02641,0,1
3172,SAC-2016-01429,0,0
3173,SWG-2015-00700,1,1
3174,SAW-2014-02228,0,1
3175,SAC-2018-00257,0,0
3176,MVR-2015-01495-EWW,0,1
3177,SAW-2016-00165,1,1
3178,SAM-2016-00598-CMS,0,0
3179,NAO-2017-00440,0,0
3180,MVP-2013-01324-MHK,0,0
3181,SAW-2015-01273,0,1
3182,SAW-2000-00757,0,1
3183,MVP-2014-03234-AIS,0,0
3184,SAC-2016-00772,0,1
3185,POA-1980-00374,1,1
3186,NAO-2015-00163,0,1
3187,SWG-2018-00202,0,0
3188,SAC-2018-01940,0,0
3189,MVP-2020-00174-MHK,0,0
3190,MVP-2018-00942-ARC,0,0
3191,SWG-2018-00947,1,1
3192,MVN-2017-00239-SG,0,1
3193,SWT-2017-00530,0,1
3194,NWO-2016-02213-BIS,0,0
3195,SAW-2016-01164,1,1
3196,MVP-2016-01905-DAS,0,0
3197,SAC-2019-00067,0,0
3198,SAC-2018-00284,0,0
3199,NAO-2018-01141,0,0
3200,MVP-2018-01149-NTD,0,0
3201,POA-2014-00333,1,1
3202,SAW-2018-01360,0,1
3203,SWT-2016-00036,0,0
3204,LRB-2014-01116,0,0
3205,POA-2016-00214,0,1
3206,SAS-2015-00692,0,1
3207,NAO-2017-00178-nla,0,0
3208,SAC-2018-01814,0,0
3209,LRH-2015-00708-GMR,0,0
3210,SAM-2015-01215-JEB,0,0
3211,MVP-2017-00805-MJB,0,0
3212,SAC-2015-01592,0,0
3213,LRL-2019-00468-LCL,0,0
3214,MVN-2017-01162-SK,0,0
3215,LRL-2018-00766-LCL,0,0
3216,SAJ-2015-02288-PNK,0,0
3217,LRH-2015-00911-KAN,0,1
3218,SWT-2017-00134,0,0
3219,LRP-2014-01127,0,1
3220,NWK-2019-00974,0,0
3221,NWS-2015-00970,0,1
3222,LRC-2016-00510,0,0
3223,SAW-2019-00450,0,1
3224,MVN-2016-00264-SJ,0,1
3225,LRL-2018-00330-sjk,0,0
3226,LRL-2016-01120-MKD,0,0
3227,LRL-2016-00238,0,0
3228,SWG-2019-00766,0,0
3229,SAC-2016-01258,0,1
3230,SAC-2018-00644,0,0
3231,LRH-2018-00517-GUY,0,0
3232,MVP-2018-00710-AIS,0,0
3233,SAC-2015-00054-3H,0,1
3234,MVN-2011-01948-SE,0,0
3235,SAC-2015-01718,1,0
3236,MVP-2017-02340-KJH,0,0
3237,MVN-2018-00263-EG,0,1
3238,MVN-2016-00816-SG,0,0
3239,LRH-2017-00295,0,0
3240,SAW-2016-00552,1,0
3241,SAM-2019-00469-ELB,0,0
3242,SAS-2016-00916,0,0
3243,SAC-2018-01850,0,0
3244,NWK-2016-00205,0,0
3245,MVP-2019-02270-KDZ,0,0
3246,SAC-2020-00498,0,0
3247,SAC-2018-01931,0,0
3248,MVK-2017-00674-JLD,0,0
3249,NAO-2018-00963-tca,0,1
3250,MVN-2017-01434-SY,0,0
3251,NWO-2019-01871-RWY,0,0
3252,MVP-2018-01289-MMW,0,0
3253,NWK-2016-00421,0,0
3254,LRL-2018-00877-jlb,0,0
3255,NWO-2019-00055-MTH,0,0
3256,MVM-2017-00421-CDK,0,0
3257,NAO-2013-01805-mmw,0,1
3258,POA-2014-00513,0,1
3259,LRL-2016-00139,0,0
3260,LRL-2016-01021-MKD,0,0
3261,SAW-2009-00820,0,0
3262,NAP-2016-00670-86,0,1
3263,SAM-2015-01244-NJW,0,0
3264,SAW-2017-00713,0,1
3265,MVN-2010-03026-CA,0,0
3266,MVP-2010-04706-RMM,0,0
3267,SAC-2016-00053-3H,0,1
3268,SAC-2018-01832,0,1
3269,NAN-2017-00828-UDA,0,1
3270,NAO-2018-00115,0,1
3271,SAC-2016-00745,0,0
3272,SAW-2018-01108,0,1
3273,NAO-2020-00441-tca,0,1
3274,SAC-2016-01195,1,0
3275,LRL-2012-00737,0,0
3276,MVP-2018-01419-ARC,0,0
3277,LRC-2020-00344,0,0
3278,NWK-2008-02031,0,0
3279,SWG-2016-00411,0,1
3280,SAC-2009-01328-4JE,0,0
3281,MVK-2018-00475-JLD,0,0
3282,POA-2017-00132,0,0
3283,SWT-2016-00018,0,1
3284,SAJ-2016-01031-CMW,0,1
3285,LRH-2017-00952,0,0
3286,NAO-2016-01851-rhs,0,1
3287,SAM-2017-00436-JRO,0,0
3288,SAW-2016-00417,1,1
3289,NWO-2019-01121-BIS,0,1
3290,SAW-2019-01125,0,0
3291,LRL-2018-00669-htm,0,0
3292,MVP-2016-02684-BJG,0,0
3293,SAC-2019-00922,0,0
3294,NWP-2019-00366,0,0
